
 











 

 











 
<table width="100%" border="0" cellpadding="0" cellspacing="0" class="border" >
	<tr>
		<td class="text_bg">系統訊息</td>
	</tr>
	<tr>
		<td><table width="100%" border="0" cellspacing="0" cellpadding="0">
				<tr>
					<td>&nbsp;</td>
				</tr>
				<tr>
					<td align="center">系統發生錯誤，請洽系統管理人員。</td>
				</tr>
				<tr>
					<td height="60" align="center">
						
						
					</td>
				</tr>
			</table></td>
	</tr>
</table>
