﻿鄉鎮市區,交易標的,土地區段位置建物區段門牌,土地移轉總面積平方公尺,都市土地使用分區,非都市土地使用分區,非都市土地使用編定,交易年月日,交易筆棟數,移轉層次,總樓層數,建物型態,主要用途,主要建材,建築完成年月,建物移轉總面積平方公尺,建物現況格局-房,建物現況格局-廳,建物現況格局-衛,建物現況格局-隔間,有無管理組織,總價元,單價元平方公尺,車位類別,車位移轉總面積平方公尺,車位總價元,備註,編號
The villages and towns urban district,transaction sign,land sector position building sector house number plate,land shifting total area square meter,the use zoning or compiles and checks,the non-metropolis land use district,non-metropolis land use,transaction year month and day,transaction pen number,shifting level,total floor number,building state,main use,main building materials,construction to complete the years,building shifting total area,Building present situation pattern - room,building present situation pattern - hall,building present situation pattern - health,building present situation pattern - compartmented,Whether there is manages the organization,total price NTD,the unit price (NTD / square meter),the berth category,berth shifting total area square meter,the berth total price NTD,the note,serial number
金湖鎮,土地,新頭段601~630地號,2421.54,其他,,,1021231,土地4建物0車位0,,,其他,,,,0.0,0,0,0,有,無,11180000,4617,,0.0,0,,RPPNMLLKKHJFFAW68CA
金湖鎮,土地,湖前段511~540地號,1495.91,其他,,,1021231,土地1建物0車位0,,,其他,,,,0.0,0,0,0,有,無,29918200,20000,,0.0,0,,RPRNMLLLKHJFFAW98CA
金城鎮,房地(土地+建物),金門縣金城鎮珠浦西路6巷2弄1~30號,12.03,住,,,1030122,土地2建物1車位0,三層,四層,套房(1房1廳1衛),見其他登記事項,鋼筋混凝土造,0970201,36.26,1,1,1,有,無,2700000,74462,,0.0,0,,RPPNMLPJLHJFFAW09CA
金湖鎮,土地,湖前段361~390地號,73.88,住,,,1021231,土地1建物0車位0,,,其他,,,,0.0,0,0,0,有,無,4900000,66324,,0.0,0,含建物一棟面積138.47平方公尺,RPQNMLRJLHJFFAW76CA
金湖鎮,土地,湖前段361~390地號,115.68,住,,,1021231,土地1建物0車位0,,,其他,,,,0.0,0,0,0,有,無,5500000,47545,,0.0,0,含建物一棟面積138.47平方公尺,RPRNMLRJLHJFFAW86CA
金湖鎮,土地,太湖劃測段331~360地號,1067.01,工,,,1030207,土地1建物0車位0,,,其他,,,,0.0,0,0,0,有,無,12000000,11246,,0.0,0,,RPUNMLRLKHJFFAW37DA
金寧鄉,土地,煙墩段31~60地號,1043.24,農,,,1030207,土地1建物0車位0,,,其他,,,,0.0,0,0,0,有,無,3000000,2876,,0.0,0,,RPQNMLNJLHJFFAW09DA
金寧鄉,土地,寧安二劃段151~180地號,1000.0,農,,,1030207,土地1建物0車位0,,,其他,,,,0.0,0,0,0,有,無,3000000,3000,,0.0,0,,RPPNMLQJLHJFFAW66DA
金湖鎮,土地,太湖劃測段361~390地號,2106.06,工,,,1021230,土地2建物0車位0,,,其他,,,,0.0,0,0,0,有,無,31600000,15004,,0.0,0,,RPSNMLLKKHJFFAW09DA
金湖鎮,土地,太湖劃測段391~420地號,1019.97,工,,,1021230,土地1建物0車位0,,,其他,,,,0.0,0,0,0,有,無,15300000,15000,,0.0,0,,RPUNMLLKKHJFFAW66DA
金城鎮,土地,庵前劃測段691~720地號,448.01,農,,,1030128,土地1建物0車位0,,,其他,,,,0.0,0,0,0,有,無,680000,1518,,0.0,0,,RPRNMLNKKHJFFAW56DA
金寧鄉,房地(土地+建物),金門縣金寧鄉昔果山31~60號,36.14,其他,,,1021231,土地1建物1車位0,一層,三層,公寓(5樓含以下無電梯),見其他登記事項,鋼筋混凝土造,1021025,57.74,3,1,1,有,無,2080000,36024,,0.0,0,,RPRNMLLKKHJFFAW88CA
金寧鄉,土地,寧湖二劃測段541~570地號,1734.38,農,,,1030123,土地2建物0車位0,,,其他,,,,0.0,0,0,0,有,無,17350000,10004,,0.0,0,,RPPNMLMKKHJFFAW78CA
金城鎮,土地,莒光樓段151~180地號,1386.0,農,,,1030128,土地1建物0車位0,,,其他,,,,0.0,0,0,0,有,無,2770000,1999,,0.0,0,,RPQNMLMKKHJFFAW88CA
金寧鄉,房地(土地+建物),金門縣金寧鄉榜林31~60號,17.12,其他,,,1021231,土地2建物1車位0,二層,三層,套房(1房1廳1衛),見其他登記事項,鋼筋混凝土造,1020318,31.509999999999998,1,1,1,有,無,1900000,60298,,0.0,0,,RPTNMLMKKHJFFAW56CA
金寧鄉,房地(土地+建物),金門縣金寧鄉榜林31~60號,17.12,其他,,,1021231,土地2建物1車位0,二層,三層,套房(1房1廳1衛),見其他登記事項,鋼筋混凝土造,1020318,31.509999999999998,1,1,1,有,無,1900000,60298,,0.0,0,,SPTNMLMKKHJFFAW66CA
金湖鎮,土地,湖前段511~540地號,500.11,其他,,,1021231,土地1建物0車位0,,,其他,,,,0.0,0,0,0,有,無,10002200,20000,,0.0,0,,RPQNMLLLKHJFFAW88CA
金城鎮,土地,水頭段91~120地號,3198.17,其他,,,1030113,土地11建物0車位0,,,其他,,,,0.0,0,0,0,有,無,22000000,6879,,0.0,0,含增建或未登記建物。,RPQNMLNKKHJFFAW98CA
金寧鄉,房地(土地+建物)+車位,金門縣金寧鄉下堡91~120號,52.53,住,,,1021230,土地1建物1車位1,一層,三層,公寓(5樓含以下無電梯),見其他登記事項,鋼筋混凝土造,1021120,147.5,3,2,2,有,無,5500000,37288,坡道平面,26.94,0,,RPROMLOLKHJFFAW76CA
金寧鄉,房地(土地+建物)+車位,金門縣金寧鄉下堡91~120號,52.53,住,,,1021230,土地1建物1車位1,二層,三層,公寓(5樓含以下無電梯),見其他登記事項,鋼筋混凝土造,1021120,147.28,3,2,2,有,無,5496000,37317,坡道平面,26.94,0,,RPVOMLOLKHJFFAW17CA
金寧鄉,土地,古寧頭段1051~1080地號,65.0,其他,,,1030121,土地1建物0車位0,,,其他,,,,0.0,0,0,0,有,無,1142000,17569,,0.0,0,,RPPNMLKLLHJFFAW78CA
金寧鄉,土地,后湖段31~60地號,828.08,農,,,1030122,土地1建物0車位0,,,其他,,,,0.0,0,0,0,有,無,1800000,2174,,0.0,0,,RPPNMLRKKHJFFAW66CA
金寧鄉,房地(土地+建物)+車位,金門縣金寧鄉下堡91~120號,19.42,住,,,1021230,土地1建物1車位1,二層,三層,套房(1房1廳1衛),見其他登記事項,鋼筋混凝土造,1021120,55.16,1,1,1,有,無,2032000,36838,坡道平面,23.53,0,,RPVNMLSKKHJFFAW37CA
金寧鄉,土地,寧湖一劃段421~450地號,93.83,住,,,1021231,土地3建物0車位0,,,其他,,,,0.0,0,0,0,有,無,8300000,88458,,0.0,0,,RPUNMLOJLHJFFAW86CA
金寧鄉,土地,寧湖一劃段421~450地號,92.07,住,,,1021231,土地3建物0車位0,,,其他,,,,0.0,0,0,0,有,無,8100000,87977,,0.0,0,,RPWNMLOJLHJFFAW07CA
金寧鄉,土地,寧湖一劃段421~450地號,92.07,住,,,1021231,土地3建物0車位0,,,其他,,,,0.0,0,0,0,有,無,8100000,87977,,0.0,0,,RPXNMLOJLHJFFAW17CA
金寧鄉,土地,寧湖一劃段421~450地號,92.07,住,,,1021231,土地3建物0車位0,,,其他,,,,0.0,0,0,0,有,無,8100000,87977,,0.0,0,,RPOOMLOJLHJFFAW98CA
金寧鄉,土地,寧湖一劃段421~450地號,92.07,住,,,1021231,土地3建物0車位0,,,其他,,,,0.0,0,0,0,有,無,8300000,90149,,0.0,0,,RPPOMLOJLHJFFAW09CA
金寧鄉,土地,寧湖一劃段421~450地號,92.07,住,,,1021231,土地3建物0車位0,,,其他,,,,0.0,0,0,0,有,無,8100000,87977,,0.0,0,,RPQOMLOJLHJFFAW56CA
金寧鄉,土地,寧湖一劃段421~450地號,92.06,住,,,1021231,土地3建物0車位0,,,其他,,,,0.0,0,0,0,有,無,8100000,87986,,0.0,0,,RPROMLOJLHJFFAW66CA
金寧鄉,土地,寧劃段421~450地號,979.08,農,,,1030210,土地1建物0車位0,,,其他,,,,0.0,0,0,0,有,無,5800000,5924,,0.0,0,,RPQNMLSLKHJFFAW96CA
金寧鄉,土地,寧湖一劃段421~450地號,353.79,住,,,1021231,土地3建物0車位0,,,其他,,,,0.0,0,0,0,有,無,28740000,81235,,0.0,0,含建物六棟面積分別65.83、73.82、73.82、74.76、74.76、74.76平方公尺。,RPQNMLPJLHJFFAW56CA
金湖鎮,土地,湖前段391~420地號,303.06,住,,,1021231,土地1建物0車位0,,,其他,,,,0.0,0,0,0,有,無,21600000,71273,,0.0,0,權利人共6人、含透天厝一棟面積138.71平方公尺、公寓5戶面積分別55.195、53.17、53.17、81.345、79.32平方公尺。,RPQNMLLKLHJFFAW88CA
金湖鎮,土地,湖前段331~360地號,68.5,住,,,1021231,土地2建物0車位0,,,其他,,,,0.0,0,0,0,有,無,5500000,80292,,0.0,0,含建物一棟面積145.90平方公尺,RPUNMLMKLHJFFAW76CA
金湖鎮,土地,湖前段331~360地號,67.86,住,,,1021231,土地2建物0車位0,,,其他,,,,0.0,0,0,0,有,無,5500000,81049,,0.0,0,含建物一棟面積145.90平方公尺,RPVNMLMKLHJFFAW86CA
金湖鎮,土地,湖前段331~360地號,72.45,住,,,1021231,土地2建物0車位0,,,其他,,,,0.0,0,0,0,有,無,5500000,75914,,0.0,0,含建物一棟面積154.16平方公尺,RPPNMLNKLHJFFAW98CA
金寧鄉,房地(土地+建物),金門縣金寧鄉下堡91~120號,12.39,住,,,1021230,土地1建物1車位0,一層,三層,套房(1房1廳1衛),見其他登記事項,鋼筋混凝土造,1021120,35.760000000000005,1,1,1,有,無,1833000,51258,,0.0,0,,RPSNMLRKKHJFFAW96CA
金寧鄉,房地(土地+建物),金門縣金寧鄉下堡91~120號,47.91,住,,,1021230,土地1建物1車位0,二層,三層,公寓(5樓含以下無電梯),見其他登記事項,鋼筋混凝土造,1021120,136.48,3,2,2,有,無,5970000,43743,,0.0,0,,RPUNMLSKKHJFFAW27CA
金寧鄉,房地(土地+建物)+車位,金門縣金寧鄉下堡91~120號,20.53,住,,,1021230,土地1建物1車位1,三層,三層,套房(1房1廳1衛),見其他登記事項,鋼筋混凝土造,1021120,57.83,1,1,1,有,無,2030000,35103,坡道平面,26.94,0,,RPWOMLOLKHJFFAW27CA
金寧鄉,房地(土地+建物)+車位,金門縣金寧鄉下堡91~120號,49.57,住,,,1021230,土地1建物1車位1,一層,三層,公寓(5樓含以下無電梯),見其他登記事項,鋼筋混凝土造,1021120,139.94,3,2,2,有,無,5290000,37802,坡道平面,26.94,0,,RPXOMLOLKHJFFAW37CA
金寧鄉,房地(土地+建物),金門縣金寧鄉下堡91~120號,11.1,住,,,1021230,土地1建物1車位0,三層,三層,套房(1房1廳1衛),見其他登記事項,鋼筋混凝土造,1021120,31.630000000000003,1,1,1,有,無,2200000,69554,,0.0,0,,RPSOMLOLKHJFFAW86CA
金寧鄉,房地(土地+建物),金門縣金寧鄉下堡91~120號,11.1,住,,,1021230,土地1建物1車位0,三層,三層,套房(1房1廳1衛),見其他登記事項,鋼筋混凝土造,1021120,31.630000000000003,1,1,1,有,無,2200000,69554,,0.0,0,,RPTOMLOLKHJFFAW96CA
金湖鎮,土地,漁村段1~30地號,992.39,其他,,,1021231,土地4建物0車位0,,,其他,,,,0.0,0,0,0,有,無,19847800,20000,,0.0,0,,RPTNMLLLKHJFFAW56CA
金湖鎮,土地,湖前段331~360地號,97.57,住,,,1021231,土地3建物0車位0,,,其他,,,,0.0,0,0,0,有,無,5600000,57395,,0.0,0,含建物一棟面積145.90平方公尺,RPOOMLMKLHJFFAW88CA
金湖鎮,土地,湖前段331~360地號,105.37,住,,,1021231,土地3建物0車位0,,,其他,,,,0.0,0,0,0,有,無,5600000,53146,,0.0,0,含建物一棟面積145.90平方公尺,RPPOMLMKLHJFFAW98CA
金湖鎮,土地,湖前段361~390地號,97.7,住,,,1021231,土地2建物0車位0,,,其他,,,,0.0,0,0,0,有,無,5500000,56295,,0.0,0,2人共有、含建物一棟面積140.4平方公尺。,RPROMLMKLHJFFAW56CA
金寧鄉,土地,寧北一劃段181~210地號,343.87,農,,,1030127,土地1建物0車位0,,,其他,,,,0.0,0,0,0,有,無,900000,2617,,0.0,0,,RPTNMLOKLHJFFAW86CA
金寧鄉,房地(土地+建物),金門縣金寧鄉埔邊31~60號,60.7,其他,,,1030205,土地1建物1車位0,三層,三層,公寓(5樓含以下無電梯),見其他登記事項,鋼筋混凝土造,1021227,110.81,2,2,2,有,無,6100000,55049,,0.0,0,,RPXOMLKLKHJFFAW96CA
金湖鎮,土地,后壟段31~60地號,653.0,農,,,1021231,土地1建物0車位0,,,其他,,,,0.0,0,0,0,有,無,3260000,4992,,0.0,0,,RPOPMLKLKHJFFAW78CA
金寧鄉,房地(土地+建物),金門縣金寧鄉埔邊31~60號,57.29,其他,,,1030205,土地1建物1車位0,二層,三層,公寓(5樓含以下無電梯),見其他登記事項,鋼筋混凝土造,1021227,122.02,3,1,2,有,無,6750000,55319,,0.0,0,,RPQPMLKLKHJFFAW98CA
金寧鄉,房地(土地+建物),金門縣金寧鄉埔邊31~60號,57.29,其他,,,1030205,土地1建物1車位0,一層,三層,店面(店鋪),見其他登記事項,鋼筋混凝土造,1021227,102.12,1,1,1,有,無,8200000,80298,,0.0,0,,RPSPMLKLKHJFFAW56CA
金寧鄉,房地(土地+建物),金門縣金寧鄉埔邊31~60號,112.34,其他,,,1030205,土地1建物2車位0,一層,三層,店面(店鋪),見其他登記事項,鋼筋混凝土造,1021227,182.69,0,0,0,無,無,15880000,86923,,0.0,0,,RPSNMLTKKHJFFAW17CA
金寧鄉,房地(土地+建物),金門縣金寧鄉埔邊31~60號,63.67,其他,,,1030205,土地1建物1車位0,三層,三層,公寓(5樓含以下無電梯),見其他登記事項,鋼筋混凝土造,1021227,123.67,3,2,2,有,無,7200000,58219,,0.0,0,,RPQNMLKLKHJFFAW78CA
金寧鄉,房地(土地+建物),金門縣金寧鄉埔邊31~60號,57.29,其他,,,1030205,土地1建物1車位0,三層,三層,公寓(5樓含以下無電梯),見其他登記事項,鋼筋混凝土造,1021227,122.02,3,1,2,有,無,6900000,56548,,0.0,0,,RPSNMLKLKHJFFAW98CA
金寧鄉,房地(土地+建物),金門縣金寧鄉埔邊31~60號,60.7,其他,,,1030205,土地1建物1車位0,二層,三層,公寓(5樓含以下無電梯),見其他登記事項,鋼筋混凝土造,1021227,110.81,2,2,2,有,無,6100000,55049,,0.0,0,,RPUNMLKLKHJFFAW56CA
金寧鄉,房地(土地+建物),金門縣金寧鄉埔邊31~60號,56.48,其他,,,1030205,土地1建物1車位0,一層,三層,公寓(5樓含以下無電梯),見其他登記事項,鋼筋混凝土造,1021227,97.89,2,1,2,有,無,7400000,75595,,0.0,0,,RPWNMLKLKHJFFAW76CA
金寧鄉,房地(土地+建物),金門縣金寧鄉埔邊31~60號,65.19,其他,,,1030205,土地1建物1車位0,三層,三層,公寓(5樓含以下無電梯),見其他登記事項,鋼筋混凝土造,1021227,114.39,2,2,2,有,無,7820000,68363,,0.0,0,,RPOOMLKLKHJFFAW68CA
金寧鄉,房地(土地+建物),金門縣金寧鄉埔邊31~60號,65.19,其他,,,1030205,土地1建物1車位0,二層,三層,公寓(5樓含以下無電梯),見其他登記事項,鋼筋混凝土造,1021227,114.39,2,2,2,有,無,6574000,57470,,0.0,0,,RPQOMLKLKHJFFAW88CA
金寧鄉,房地(土地+建物),金門縣金寧鄉埔邊31~60號,63.67,其他,,,1030205,土地1建物1車位0,二層,三層,公寓(5樓含以下無電梯),見其他登記事項,鋼筋混凝土造,1021227,123.67,3,2,2,有,無,6500000,52559,,0.0,0,,RPUOMLKLKHJFFAW66CA
金湖鎮,土地,湖前段331~360地號,76.08,住,,,1021231,土地2建物0車位0,,,其他,,,,0.0,0,0,0,有,無,5500000,72292,,0.0,0,含建物一棟面積154.16平方公尺,RPQNMLNKLHJFFAW09CA
金湖鎮,土地,湖前段331~360地號,36.08,住,,,1021231,土地2建物0車位0,,,其他,,,,0.0,0,0,0,有,無,3200000,88692,,0.0,0,含建物一棟面積95.67平方公尺,RPRNMLNKLHJFFAW56CA
金湖鎮,土地,湖前段331~360地號,36.08,住,,,1021231,土地2建物0車位0,,,其他,,,,0.0,0,0,0,有,無,3300000,91463,,0.0,0,含建物一棟面積95.67平方公尺,RPSNMLNKLHJFFAW66CA
金湖鎮,土地,湖前段331~360地號,36.08,住,,,1021231,土地2建物0車位0,,,其他,,,,0.0,0,0,0,有,無,3500000,97007,,0.0,0,含建物一棟面積95.95平方公尺,RPTNMLNKLHJFFAW76CA
金湖鎮,土地,湖前段331~360地號,66.23,住,,,1021231,土地2建物0車位0,,,其他,,,,0.0,0,0,0,有,無,5500000,83044,,0.0,0,含建物一棟面積145.90平方公尺,RPWNMLMKLHJFFAW96CA
金湖鎮,土地,湖前段331~360地號,66.23,住,,,1021231,土地2建物0車位0,,,其他,,,,0.0,0,0,0,有,無,5500000,83044,,0.0,0,含建物一棟面積145.90平方公尺,RPXNMLMKLHJFFAW07CA
金湖鎮,土地,后壟段31~60地號,1573.0,農,,,1021231,土地1建物0車位0,,,其他,,,,0.0,0,0,0,有,無,5240000,3331,,0.0,0,,RPWOMLKLKHJFFAW86CA
金湖鎮,土地,湖前段361~390地號,94.86,住,,,1021231,土地2建物0車位0,,,其他,,,,0.0,0,0,0,有,無,5500000,57980,,0.0,0,含建物一棟面積140.4平方公尺。,RPSOMLMKLHJFFAW66CA
金湖鎮,土地,湖前段361~390地號,95.32,住,,,1021231,土地2建物0車位0,,,其他,,,,0.0,0,0,0,有,無,5500000,57700,,0.0,0,含建物一棟面積140.4平方公尺。,RPTOMLMKLHJFFAW76CA
金城鎮,土地,祥瑞段661~690地號,4.33,住,,,1021224,土地1建物0車位0,,,其他,,,,0.0,0,0,0,有,無,500000,115473,,0.0,0,,RPTPMLKLKHJFFAW66CA
金城鎮,土地,中一段511~540地號,1753.54,住,,,1030210,土地7建物0車位0,,,其他,,,,0.0,0,0,0,有,無,21990599,12541,,0.0,0,,RPRNMLOLKHJFFAW66CA
金城鎮,土地,中一段481~510地號,128.6,其他,,,1030210,土地2建物0車位0,,,其他,,,,0.0,0,0,0,有,無,924912,7192,,0.0,0,,RPSNMLOLKHJFFAW76CA
金寧鄉,土地,后垵段1~30地號,1017.33,農,,,1030210,土地3建物0車位0,,,其他,,,,0.0,0,0,0,有,無,1439589,1415,,0.0,0,,RPTNMLOLKHJFFAW86CA
金城鎮,土地,烏土段331~360地號,407.01,其他,,,1030210,土地1建物0車位0,,,其他,,,,0.0,0,0,0,有,無,569814,1400,,0.0,0,,RPUNMLOLKHJFFAW96CA
金城鎮,土地,中一段481~510地號,179.51,住,,,1030210,土地1建物0車位0,,,其他,,,,0.0,0,0,0,有,無,1290998,7192,,0.0,0,,RPVNMLOLKHJFFAW07CA
金城鎮,房地(土地+建物),金門縣金城鎮民族路31~60號,21.32,其他,,,1021231,土地2建物1車位0,三層,五層,公寓(5樓含以下無電梯),住家用,鋼筋混凝土加強磚造,0850229,75.83000000000001,3,1,1,有,無,5250000,69225,,0.0,0,,RPRNMLPLKHJFFAW76CA
金寧鄉,土地,鎮西段61~90地號,482.78,其他,,,1021012,土地2建物0車位0,,,其他,,,,0.0,0,0,0,有,無,4500000,9321,,0.0,0,,RPQNMLQJLHJFFAW66CA
金寧鄉,土地,寧安二劃段481~510地號,1163.77,農,,,1021219,土地1建物0車位0,,,其他,,,,0.0,0,0,0,有,無,3520400,3025,,0.0,0,,RPPNMLOJLHJFFAW98CA
金湖鎮,土地,峰上段991~1020地號,55.0,住,,,1030219,土地1建物0車位0,,,其他,,,,0.0,0,0,0,有,無,231000,4200,,0.0,0,,RPUNMLRJLHJFFAW17CA
金沙鎮,土地,陽宅段1051~1080地號,890.0,其他,,,1030120,土地1建物0車位0,,,其他,,,,0.0,0,0,0,有,無,14680000,16494,,0.0,0,,RPQNMLOLKHJFFAW56CA
金湖鎮,土地,山外段541~570地號,326.54,其他,,,1030120,土地3建物0車位0,,,其他,,,,0.0,0,0,0,有,無,1178100,3608,,0.0,0,,RPWNMLLLKHJFFAW96DA
金城鎮,土地,祥和段541~570地號,61.66,住,,,1030206,土地1建物0車位0,,,其他,,,,0.0,0,0,0,有,無,2648914,42960,,0.0,0,,RPWNMLOLKHJFFAW27DA
金城鎮,土地,舊金城段721~750地號,1155.51,農,,,1030217,土地1建物0車位0,,,其他,,,,0.0,0,0,0,有,無,4600000,3981,,0.0,0,,RPPNMLTJLHJFFAW96DA
金寧鄉,土地,寧安四劃段391~420地號,353.0,農,,,1030217,土地1建物0車位0,,,其他,,,,0.0,0,0,0,有,無,600000,1700,,0.0,0,,RPTNMLSLKHJFFAW27CA
金城鎮,土地,庵前劃測段1141~1170地號,525.51,農,,,1030211,土地2建物0車位0,,,其他,,,,0.0,0,0,0,有,無,5000000,9515,,0.0,0,,RPTNMLPLKHJFFAW96CA
金寧鄉,土地,寧古劃段61~90地號,1246.43,農,,,1030219,土地3建物0車位0,,,其他,,,,0.0,0,0,0,有,無,3739290,3000,,0.0,0,,RPQNMLQLKHJFFAW76CA
金沙鎮,土地,洋山段991~1020地號,470.0,其他,,,1021226,土地1建物0車位0,,,其他,,,,0.0,0,0,0,有,無,4195000,8926,,0.0,0,,RPSNMLPLKHJFFAW86CA
金城鎮,土地,祥瑞段901~930地號,146.15,其他,,,1030211,土地2建物0車位0,,,其他,,,,0.0,0,0,0,有,無,10000000,68423,,0.0,0,,RPQNMLPLKHJFFAW76DA
金寧鄉,房地(土地+建物)+車位,金門縣金寧鄉下堡91~120號,52.53,住,,,1030205,土地1建物1車位1,三層,三層,公寓(5樓含以下無電梯),見其他登記事項,鋼筋混凝土造,1021120,147.51,3,2,2,有,無,6800000,46099,坡道平面,26.94,0,,RPRNMLOJLHJFFAW56CA
金沙鎮,土地,中蘭劃測段481~510地號,441.0,農,,,1030217,土地1建物0車位0,,,其他,,,,0.0,0,0,0,有,無,2000000,4535,,0.0,0,,RPSNMLOJLHJFFAW66CA
金寧鄉,土地,寧湖三劃段301~330地號,1000.0,農,,,1030210,土地1建物0車位0,,,其他,,,,0.0,0,0,0,有,無,7000000,7000,,0.0,0,,RPUNMLSLKHJFFAW37CA
金湖鎮,土地,新頭段1231~1260地號,28.31,住,,,1030218,土地1建物0車位0,,,其他,,,,0.0,0,0,0,有,無,386432,13650,,0.0,0,,RPPNMLNJLHJFFAW98DA
金沙鎮,土地,高坑劃測段811~840地號,464.22,農,,,1030221,土地1建物0車位0,,,其他,,,,0.0,0,0,0,有,無,1500000,3231,,0.0,0,,RPQNMLTJLHJFFAW07DA
金寧鄉,土地,寧安四劃段631~660地號,573.33,農,,,1030218,土地1建物0車位0,,,其他,,,,0.0,0,0,0,有,無,1500000,2616,,0.0,0,,RPPNMLSLLHJFFAW07DA
金城鎮,土地,山前段301~330地號,3899.08,農,,,1030114,土地9建物0車位0,,,其他,,,,0.0,0,0,0,有,無,16627000,4264,,0.0,0,,RPRNMLPJLHJFFAW66CA
金湖鎮,土地,瓊林段391~420地號,2153.86,其他,,,1030216,土地1建物0車位0,,,其他,,,,0.0,0,0,0,有,無,16000000,7429,,0.0,0,,RPTNMLRJLHJFFAW07CA
金寧鄉,土地,寧劃段481~510地號,2442.98,農,,,1030219,土地5建物0車位0,,,其他,,,,0.0,0,0,0,有,無,12000000,4912,,0.0,0,,RPUNMLOKLHJFFAW96CA
金湖鎮,土地,湖前段871~900地號,57.52,住,,,1021231,土地2建物0車位0,,,其他,,,,0.0,0,0,0,有,無,5900000,102573,,0.0,0,含建物一棟面積135.10平方公尺,RPPNMLRLLHJFFAW86CA
金湖鎮,土地,湖前段871~900地號,56.62,住,,,1021231,土地2建物0車位0,,,其他,,,,0.0,0,0,0,有,無,5900000,104203,,0.0,0,含建物一棟面積135.10平方公尺,RPRNMLRLLHJFFAW07CA
金湖鎮,土地,湖前段871~900地號,53.82,住,,,1021231,土地2建物0車位0,,,其他,,,,0.0,0,0,0,有,無,5900000,109625,,0.0,0,含建物一棟面積135.10平方公尺,RPSNMLRLLHJFFAW17CA
金湖鎮,土地,湖前段871~900地號,56.92,住,,,1021231,土地2建物0車位0,,,其他,,,,0.0,0,0,0,有,無,5900000,103654,,0.0,0,含建物一棟面積135.10平方公尺,RPTNMLRLLHJFFAW27CA
金湖鎮,土地,湖前段871~900地號,57.52,住,,,1021231,土地2建物0車位0,,,其他,,,,0.0,0,0,0,有,無,5900000,102573,,0.0,0,含建物一棟面積135.10平方公尺,RPUNMLRLLHJFFAW37CA
金湖鎮,土地,湖前段871~900地號,57.52,住,,,1021231,土地2建物0車位0,,,其他,,,,0.0,0,0,0,有,無,5900000,102573,,0.0,0,含建物一棟面積135.10平方公尺,RPVNMLRLLHJFFAW47CA
金寧鄉,土地,后垵段991~1020地號,634.81,農,,,1030218,土地1建物0車位0,,,其他,,,,0.0,0,0,0,有,無,1060000,1670,,0.0,0,,RPSNMLMKLHJFFAW56CA
金寧鄉,土地,煙墩段841~870地號,655.94,其他,,,1030224,土地2建物0車位0,,,其他,,,,0.0,0,0,0,有,無,1500000,2287,,0.0,0,,RPTNMLMKLHJFFAW66CA
金沙鎮,土地,後山前段241~270地號,114.0,住,,,1030303,土地1建物0車位0,,,其他,,,,0.0,0,0,0,有,無,500000,4386,,0.0,0,,RPPNMLRJLHJFFAW76DA
金城鎮,土地,庵前劃測段871~900地號,3514.95,農,,,1030121,土地6建物0車位0,,,其他,,,,0.0,0,0,0,有,無,10075926,2867,,0.0,0,,RPQNMLMJMHJFFAW09DA
金城鎮,土地,庵前劃測段361~390地號,445.0,其他,,,1030121,土地1建物0車位0,,,其他,,,,0.0,0,0,0,有,無,5000000,11236,,0.0,0,,RPRNMLMJMHJFFAW56DA
金湖鎮,土地,湖前段871~900地號,57.52,住,,,1021231,土地2建物0車位0,,,其他,,,,0.0,0,0,0,有,無,5900000,102573,,0.0,0,含建物一棟面積135.10平方公尺,RPWNMLRLLHJFFAW57CA
金湖鎮,土地,湖前段871~900地號,57.52,住,,,1021231,土地2建物0車位0,,,其他,,,,0.0,0,0,0,有,無,5900000,102573,,0.0,0,含建物一棟面積135.10平方公尺,RPXNMLRLLHJFFAW67CA
金湖鎮,土地,湖前段871~900地號,112.13,住,,,1021231,土地3建物0車位0,,,其他,,,,0.0,0,0,0,有,無,6100000,54401,,0.0,0,含建物一棟面積135.10平方公尺,RPOOMLRLLHJFFAW86CA
金湖鎮,房地(土地+建物),金門縣金湖鎮小徑61~90號,91.0,住,,,1030225,土地1建物1車位0,全,二層,透天厝,住商用,鋼筋混凝土造,0700915,129.0,6,3,6,有,無,9500000,73643,,0.0,0,,RPSNMLSKLHJFFAW17CA
金湖鎮,土地,湖前段931~960地號,190.39,其他,,,1021209,土地1建物0車位0,,,其他,,,,0.0,0,0,0,有,無,2000000,10505,,0.0,0,限定價格 宗親會與會員間交易,RPSNMLLKLHJFFAW09CA
金湖鎮,土地,湖前段931~960地號,228.34,住,,,1021209,土地1建物0車位0,,,其他,,,,0.0,0,0,0,有,無,6500000,28466,,0.0,0,限定價格 宗親會與會員間交易,RPTNMLLKLHJFFAW56CA
金寧鄉,土地,寧古劃段961~990地號,725.0,農,,,1030224,土地1建物0車位0,,,其他,,,,0.0,0,0,0,有,無,2030000,2800,,0.0,0,,RPSNMLOKLHJFFAW76CA
金城鎮,土地,山前段421~450地號,1321.23,農,,,1030214,土地4建物0車位0,,,其他,,,,0.0,0,0,0,有,無,8900000,6736,,0.0,0,,RPROMLRLLHJFFAW17CA
金寧鄉,車位,金門縣金寧鄉下堡100之5至100之13100之15至91~120號,9.62,住,,,1030224,土地0建物0車位1,,,其他,,,,26.94,0,0,0,有,無,600000,,坡道平面,26.94,600000,,RPQNMLOKLHJFFAW56CA
金寧鄉,土地,寧湖三劃段301~330地號,1000.0,農,,,1030227,土地1建物0車位0,,,其他,,,,0.0,0,0,0,有,無,8400000,8400,,0.0,0,,RPPNMLMLLHJFFAW98CA
金城鎮,房地(土地+建物),金門縣金城鎮西海路三段106巷15弄1~30號,44.36,其他,,,1030226,土地2建物1車位0,三層,三層,公寓(5樓含以下無電梯),見其他登記事項,鋼筋混凝土造,0990319,73.7,3,2,2,有,無,4700000,63772,,0.0,0,,RPPNMLLKLHJFFAW78CA
金寧鄉,房地(土地+建物),金門縣金寧鄉下堡91~120號,12.39,住,,,1030215,土地1建物1車位0,一層,三層,套房(1房1廳1衛),見其他登記事項,鋼筋混凝土造,1021120,35.42,1,1,1,有,無,1836000,51835,,0.0,0,,RPVNMLNKLHJFFAW96CA
金寧鄉,房地(土地+建物),金門縣金寧鄉下堡91~120號,10.91,住,,,1030218,土地1建物1車位0,二層,三層,套房(1房1廳1衛),見其他登記事項,鋼筋混凝土造,1021120,30.9,1,1,1,有,無,1750000,56634,,0.0,0,,RPWNMLNKLHJFFAW07CA
金城鎮,房地(土地+建物),金門縣金城鎮金門城61~90號,150.0,其他,,,1030303,土地1建物1車位0,全,三層,透天厝,住家用,鋼筋混凝土造,1030110,219.0,7,3,5,有,無,5500000,25114,,0.0,0,,RPPOMLSJMHJFFAW96CA
金城鎮,房地(土地+建物),金門縣金城鎮金門城61~90號,37.88,其他,,,1030303,土地1建物1車位0,二層,三層,公寓(5樓含以下無電梯),見其他登記事項,鋼筋混凝土造,1030110,199.63,3,2,2,有,無,3980000,19937,,0.0,0,,RPROMLSJMHJFFAW17CA
金城鎮,房地(土地+建物),金門縣金城鎮金門城61~90號,37.88,其他,,,1030303,土地1建物1車位0,一層,三層,公寓(5樓含以下無電梯),見其他登記事項,鋼筋混凝土造,1030110,75.49,2,2,2,有,無,2500000,33117,,0.0,0,,RPSOMLSJMHJFFAW27CA
金城鎮,房地(土地+建物),金門縣金城鎮金門城61~90號,37.88,其他,,,1030303,土地1建物1車位0,一層,三層,公寓(5樓含以下無電梯),見其他登記事項,鋼筋混凝土造,1030110,102.52,3,2,2,有,無,3500000,34140,,0.0,0,,RPTOMLSJMHJFFAW37CA
金城鎮,房地(土地+建物),金門縣金城鎮金門城61~90號,50.78,其他,,,1030303,土地0建物1車位0,三層,三層,公寓(5樓含以下無電梯),見其他登記事項,鋼筋混凝土造,1030110,102.52,3,2,2,有,無,3900000,38041,,0.0,0,,RPQOMLSJMHJFFAW07CA
金寧鄉,土地,龍潭段31~60地號,163.47,農,,,1030226,土地1建物0車位0,,,其他,,,,0.0,0,0,0,有,無,261552,1600,,0.0,0,,RPPOMLTJMHJFFAW07CA
金寧鄉,土地,龍潭段331~360地號,156.34,農,,,1030226,土地1建物0車位0,,,其他,,,,0.0,0,0,0,有,無,250826,1604,,0.0,0,,RPQOMLTJMHJFFAW17CA
金寧鄉,土地,寧北一劃段331~360地號,489.28,農,,,1030226,土地1建物0車位0,,,其他,,,,0.0,0,0,0,有,無,1223200,2500,,0.0,0,,RPSOMLTJMHJFFAW37CA
金寧鄉,土地,寧古劃段1411~1440地號,500.0,農,,,1030226,土地1建物0車位0,,,其他,,,,0.0,0,0,0,有,無,1101100,2202,,0.0,0,,RPTOMLTJMHJFFAW47CA
金城鎮,房地(土地+建物),金門縣金城鎮金門城61~90號,37.88,其他,,,1030303,土地1建物1車位0,三層,三層,公寓(5樓含以下無電梯),見其他登記事項,鋼筋混凝土造,1030110,75.49,2,2,2,有,無,2350000,31130,,0.0,0,,RPOOMLSJMHJFFAW86CA
金寧鄉,房地(土地+建物)+車位,金門縣金寧鄉下堡91~120號,52.53,住,,,1030225,土地1建物1車位1,三層,三層,公寓(5樓含以下無電梯),見其他登記事項,鋼筋混凝土造,1021120,147.28,3,2,2,有,無,6800000,46171,坡道平面,26.94,0,,RPXNMLNKLHJFFAW17CA
金寧鄉,房地(土地+建物),金門縣金寧鄉下堡91~120號,11.1,住,,,1030217,土地1建物1車位0,二層,三層,套房(1房1廳1衛),見其他登記事項,鋼筋混凝土造,1021120,31.630000000000003,1,1,1,有,無,1850000,58489,,0.0,0,,RPRNMLOKLHJFFAW66CA
金城鎮,土地,庵前劃測段1141~1170地號,675.02,農,,,1030306,土地2建物0車位0,,,其他,,,,0.0,0,0,0,有,無,5400000,8000,,0.0,0,,RPRNMLTKLHJFFAW17CA
金湖鎮,土地,太湖劃測段61~90地號,616.36,農,,,1030311,土地1建物0車位0,,,其他,,,,0.0,0,0,0,有,無,600000,973,,0.0,0,,RPPNMLOKLHJFFAW56DA
金寧鄉,土地,赤岑段1321~1350地號,393.07,農,,,1030227,土地1建物0車位0,,,其他,,,,0.0,0,0,0,有,無,690000,1755,,0.0,0,,RPQNMLMLLHJFFAW09CA
金寧鄉,房地(土地+建物),金門縣金寧鄉下堡91~120號,34.59,住,,,1030228,土地1建物1車位0,一層,三層,公寓(5樓含以下無電梯),見其他登記事項,鋼筋混凝土造,1021120,98.63999999999999,3,2,2,有,無,4345000,44049,,0.0,0,,RPXOMLTKLHJFFAW87CA
烈嶼鄉,土地,東園劃段121~150地號,760.77,農,,,1030305,土地1建物0車位0,,,其他,,,,0.0,0,0,0,有,無,3500000,4601,,0.0,0,,RPSNMLTKLHJFFAW27CA
金沙鎮,土地,沙溪一劃段391~420地號,470.14,農,,,1030304,土地1建物0車位0,,,其他,,,,0.0,0,0,0,有,無,1400000,2978,,0.0,0,,RPUNMLTKLHJFFAW47CA
金寧鄉,房地(土地+建物),金門縣金寧鄉埔邊91~120號,75.0,住,,,1030303,土地1建物1車位0,全,三層,透天厝,見其他登記事項,鋼筋混凝土造,1020111,148.02,5,3,4,有,無,11700000,79043,,0.0,0,,RPVNMLTKLHJFFAW57CA
金寧鄉,房地(土地+建物)+車位,金門縣金寧鄉下堡91~120號,52.53,住,,,1030228,土地1建物1車位1,三層,三層,公寓(5樓含以下無電梯),見其他登記事項,鋼筋混凝土造,1021120,147.28,3,2,2,有,無,6800000,46171,坡道平面,26.94,0,,RPOOMLTKLHJFFAW96CA
金湖鎮,土地,太湖劃測段721~750地號,1252.28,其他,,,1030304,土地3建物0車位0,,,其他,,,,0.0,0,0,0,有,無,2900000,2316,,0.0,0,,RPQNMLTKLHJFFAW07CA
金沙鎮,土地,中蘭劃測段421~450地號,975.0,農,,,1030310,土地2建物0車位0,,,其他,,,,0.0,0,0,0,有,無,3200000,3282,,0.0,0,,RPPNMLTKLHJFFAW96CA
金沙鎮,土地,浦邊測段361~390地號,490.7,其他,,,1021231,土地1建物0車位0,,,其他,,,,0.0,0,0,0,有,無,1700000,3464,,0.0,0,,RPPNMLSKLHJFFAW86CA
金湖鎮,土地,太湖劃測段211~240地號,1213.93,其他,,,1030226,土地1建物0車位0,,,其他,,,,0.0,0,0,0,有,無,8000000,6590,,0.0,0,,RPQNMLSKLHJFFAW96CA
金城鎮,土地,賢厝段871~900地號,401.0,農,,,1030225,土地1建物0車位0,,,其他,,,,0.0,0,0,0,有,無,1200000,2993,,0.0,0,,RPOPMLTKLHJFFAW07CA
金城鎮,房地(土地+建物),金門縣金城鎮浯江街9巷1~30號,37.4,商,,,1030226,土地2建物1車位0,二層,五層,公寓(5樓含以下無電梯),見其他登記事項,鋼筋混凝土造,1020723,115.16,3,2,2,有,無,6800000,59048,,0.0,0,,RPPNMLLJMHJFFAW78CA
金沙鎮,土地,中蘭劃測段481~510地號,441.0,農,,,1030305,土地1建物0車位0,,,其他,,,,0.0,0,0,0,有,無,2300000,5215,,0.0,0,,RPTNMLOLLHJFFAW96CA
金寧鄉,房地(土地+建物),金門縣金寧鄉下堡91~120號,12.76,住,,,1030228,土地1建物1車位0,二層,三層,套房(1房1廳1衛),見其他登記事項,鋼筋混凝土造,1021120,35.85,1,1,1,有,無,1825000,50907,,0.0,0,,RPQOMLTKLHJFFAW17CA
金寧鄉,房地(土地+建物),金門縣金寧鄉下堡91~120號,12.39,住,,,1030228,土地1建物1車位0,二層,三層,套房(1房1廳1衛),見其他登記事項,鋼筋混凝土造,1021120,35.129999999999995,1,1,1,有,無,1825000,51950,,0.0,0,,RPROMLTKLHJFFAW27CA
金寧鄉,房地(土地+建物)+車位,金門縣金寧鄉下堡91~120號,20.72,住,,,1030305,土地1建物1車位1,三層,三層,套房(1房1廳1衛),見其他登記事項,鋼筋混凝土造,1021120,59.06999999999999,1,1,1,有,無,2032000,34400,坡道平面,26.94,0,,RPSOMLTKLHJFFAW37CA
金寧鄉,房地(土地+建物)+車位,金門縣金寧鄉下堡91~120號,57.53,住,,,1030303,土地1建物1車位1,三層,三層,公寓(5樓含以下無電梯),見其他登記事項,鋼筋混凝土造,1021120,163.42,4,4,4,有,無,7500000,45894,坡道平面,26.94,0,,RPUOMLTKLHJFFAW57CA
金寧鄉,房地(土地+建物)+車位,金門縣金寧鄉下堡91~120號,58.82,住,,,1030303,土地1建物1車位1,三層,三層,公寓(5樓含以下無電梯),見其他登記事項,鋼筋混凝土造,1021120,166.02,4,4,4,有,無,7200000,43368,坡道平面,23.53,0,,RPWOMLTKLHJFFAW77CA
金沙鎮,土地,北九十劃段661~690地號,500.18,農,,,1030225,土地1建物0車位0,,,其他,,,,0.0,0,0,0,有,無,1450000,2899,,0.0,0,,RPWNMLTKLHJFFAW67CA
金寧鄉,土地,寧湖一劃段571~600地號,894.53,其他,,,1030313,土地1建物0車位0,,,其他,,,,0.0,0,0,0,有,無,38000000,42480,,0.0,0,,RPQNMLOLLHJFFAW76DA
金城鎮,房地(土地+建物),金門縣金城鎮莒光路85巷1~30號,62.89,住,,,1030307,土地2建物1車位0,全,三層,透天厝,住商用,鋼筋混凝土造,0780630,127.4,4,1,2,有,無,5500000,43171,,0.0,0,,RPPNMLLMLHJFFAW09DA
金寧鄉,土地,盤山村段151~180地號,21.0,住,,,1030308,土地1建物0車位0,,,其他,,,,0.0,0,0,0,有,無,800000,38095,,0.0,0,,RPPPMLTKLHJFFAW17CA
金城鎮,土地,中一段481~510地號,688.3,其他,,,1030312,土地3建物0車位0,,,其他,,,,0.0,0,0,0,有,無,7000000,10170,,0.0,0,,RPQNMLKLLHJFFAW88CA
金湖鎮,土地,士校段481~510地號,1622.94,農,,,1030311,土地1建物0車位0,,,其他,,,,0.0,0,0,0,有,無,9000000,5545,,0.0,0,,RPPNMLLLLHJFFAW88CA
金湖鎮,土地,湖尚劃段181~210地號,1730.0,其他,,,1030303,土地2建物0車位0,,,其他,,,,0.0,0,0,0,有,無,3979000,2300,,0.0,0,,RPRNMLOLLHJFFAW76CA
金湖鎮,土地,新頭段421~450地號,2818.21,其他,,,1030307,土地4建物0車位0,,,其他,,,,0.0,0,0,0,有,無,5361020,1902,,0.0,0,,RPSNMLOLLHJFFAW86CA
金城鎮,土地,烏土段331~360地號,407.01,農,,,1030305,土地1建物0車位0,,,其他,,,,0.0,0,0,0,有,無,2890000,7101,,0.0,0,,RPUNMLOLLHJFFAW07CA
金城鎮,土地,庵前劃測段631~660地號,630.0,農,,,1030318,土地1建物0車位0,,,其他,,,,0.0,0,0,0,有,無,5000000,7937,,0.0,0,,RPUPMLLMLHJFFAW07CA
金寧鄉,土地,長寮段511~540地號,31.77,其他,,,1030305,土地1建物0車位0,,,其他,,,,0.0,0,0,0,有,無,604583,19030,,0.0,0,,RPPNMLPLLHJFFAW66CA
金寧鄉,土地,西堡劃測段241~270地號,1281.84,其他,,,1030227,土地2建物0車位0,,,其他,,,,0.0,0,0,0,有,無,2000000,1560,,0.0,0,,RPVNMLOLLHJFFAW17CA
金城鎮,房地(土地+建物),金門縣金城鎮金門城1~30號,63.57,住,,,1030310,土地1建物1車位0,二層,三層,公寓(5樓含以下無電梯),見其他登記事項,鋼筋混凝土造,1000125,100.28999999999999,3,1,2,有,無,3980000,39685,,0.0,0,,RPPNMLMJMHJFFAW88CA
金寧鄉,土地,湖尾村段271~300地號,1165.0,其他,,,1030319,土地3建物0車位0,,,其他,,,,0.0,0,0,0,有,無,4350000,3734,,0.0,0,,RPXNMLOLLHJFFAW37CA
金沙鎮,土地,官澳段1501~1530地號,502.0,農,,,1030310,土地1建物0車位0,,,其他,,,,0.0,0,0,0,有,無,1600000,3187,,0.0,0,,RPWOMLRLLHJFFAW67CA
金湖鎮,土地,陳坑段871~900地號,297.0,其他,,,1021217,土地1建物0車位0,,,其他,,,,0.0,0,0,0,有,無,4780000,16094,,0.0,0,,RPUNMLSLLHJFFAW47CA
金沙鎮,土地,官嶼劃段721~750地號,1000.0,農,,,1030315,土地2建物0車位0,,,其他,,,,0.0,0,0,0,有,無,3000000,3000,,0.0,0,,RPPNMLOKMHJFFAW66DA
金寧鄉,土地,后沙劃測段601~630地號,37.15,其他,,,1030216,土地1建物0車位0,,,其他,,,,0.0,0,0,0,有,無,1393287,37504,,0.0,0,,RPXNMLSKMHJFFAW87DA
金城鎮,土地,小西門劃測段2221~2250地號,230.69,住,,,1030314,土地2建物0車位0,,,其他,,,,0.0,0,0,0,有,無,2000000,8670,,0.0,0,,RPXNMLNLMHJFFAW47DA
金寧鄉,土地,后沙劃測段571~600地號,340.34,其他,,,1030216,土地1建物0車位0,,,其他,,,,0.0,0,0,0,有,無,5105100,15000,,0.0,0,,RPPNMLSKMHJFFAW96CA
金寧鄉,土地,后沙劃測段571~600地號,73.89,其他,,,1030216,土地1建物0車位0,,,其他,,,,0.0,0,0,0,有,無,1108400,15001,,0.0,0,,RPQNMLSKMHJFFAW07CA
金寧鄉,土地,后沙劃測段571~600地號,106.78,其他,,,1030216,土地1建物0車位0,,,其他,,,,0.0,0,0,0,有,無,1601700,15000,,0.0,0,,RPRNMLSKMHJFFAW17CA
金寧鄉,土地,后沙劃測段601~630地號,142.02,其他,,,1030216,土地1建物0車位0,,,其他,,,,0.0,0,0,0,有,無,2130300,15000,,0.0,0,,RPSNMLSKMHJFFAW27CA
金寧鄉,土地,后沙劃測段601~630地號,124.97,其他,,,1030216,土地1建物0車位0,,,其他,,,,0.0,0,0,0,有,無,1874500,15000,,0.0,0,,RPTNMLSKMHJFFAW37CA
金寧鄉,土地,后沙劃測段601~630地號,375.69,其他,,,1030216,土地1建物0車位0,,,其他,,,,0.0,0,0,0,有,無,5335300,14201,,0.0,0,,RPUNMLSKMHJFFAW47CA
金湖鎮,土地,太湖劃測段1741~1770地號,1000.01,農,,,1030319,土地1建物0車位0,,,其他,,,,0.0,0,0,0,有,無,2800000,2800,,0.0,0,,RPQNMLTJMHJFFAW07CA
金城鎮,土地,庵前劃測段541~570地號,39.61,農,,,1030311,土地1建物0車位0,,,其他,,,,0.0,0,0,0,有,無,163589,4130,,0.0,0,國有地讓售,RPQOMLOLLHJFFAW86DA
金寧鄉,房地(土地+建物),金門縣金寧鄉下堡91~120號,12.76,住,,,1030317,土地1建物1車位0,三層,三層,套房(1房1廳1衛),見其他登記事項,鋼筋混凝土造,1021120,35.85,1,1,1,有,無,2250000,62762,,0.0,0,,RPPNMLKMLHJFFAW88CA
金湖鎮,土地,北五劃段181~210地號,988.31,農,,,1030311,土地1建物0車位0,,,其他,,,,0.0,0,0,0,有,無,5500000,5565,,0.0,0,,RPPOMLOLLHJFFAW66CA
金城鎮,房地(土地+建物),金門縣金城鎮民權路184巷6弄1~30號,68.41,住,,,1030311,土地2建物1車位0,全,四層,透天厝,見其他登記事項,鋼筋混凝土造,0971029,182.63,3,2,2,有,無,16000000,87609,,0.0,0,,RPPNMLQLLHJFFAW76CA
金寧鄉,土地,長寮段601~630地號,316.39,住,,,1030315,土地1建物0車位0,,,其他,,,,0.0,0,0,0,有,無,6320000,19975,,0.0,0,,RPPNMLPJMHJFFAW56CA
金沙鎮,土地,官嶼劃段1081~1110地號,820.0,農,,,1030317,土地1建物0車位0,,,其他,,,,0.0,0,0,0,有,無,1500000,1829,,0.0,0,,RPRNMLSLLHJFFAW17CA
金城鎮,房地(土地+建物),金門縣金城鎮庵前31~60號,30.74,其他,,,1030304,土地1建物1車位0,三層,三層,公寓(5樓含以下無電梯),見其他登記事項,鋼筋混凝土造,1030128,55.25,2,2,1,有,無,3800000,68791,,0.0,0,,RPRNMLLMLHJFFAW56CA
金城鎮,房地(土地+建物),金門縣金城鎮庵前31~60號,30.74,其他,,,1030304,土地1建物1車位0,一層,三層,公寓(5樓含以下無電梯),見其他登記事項,鋼筋混凝土造,1030128,54.63,2,2,1,有,無,3500000,64079,,0.0,0,,RPTNMLLMLHJFFAW76CA
金城鎮,房地(土地+建物),金門縣金城鎮庵前31~60號,30.74,其他,,,1030304,土地1建物1車位0,三層,三層,公寓(5樓含以下無電梯),見其他登記事項,鋼筋混凝土造,1030128,54.63,2,2,1,有,無,3500000,64079,,0.0,0,,RPVNMLLMLHJFFAW96CA
金城鎮,房地(土地+建物),金門縣金城鎮庵前31~60號,30.74,其他,,,1030304,土地1建物1車位0,二層,三層,公寓(5樓含以下無電梯),見其他登記事項,鋼筋混凝土造,1030128,54.63,2,2,1,有,無,3480000,63713,,0.0,0,,RPXNMLLMLHJFFAW17CA
金城鎮,房地(土地+建物),金門縣金城鎮庵前31~60號,30.74,其他,,,1030304,土地1建物1車位0,一層,三層,公寓(5樓含以下無電梯),見其他登記事項,鋼筋混凝土造,1030128,54.63,2,2,1,有,無,4000000,73233,,0.0,0,,RPPOMLLMLHJFFAW09CA
金城鎮,房地(土地+建物),金門縣金城鎮庵前31~60號,30.74,其他,,,1030304,土地1建物1車位0,二層,三層,公寓(5樓含以下無電梯),見其他登記事項,鋼筋混凝土造,1030128,54.63,2,2,1,有,無,3500000,64079,,0.0,0,,RPROMLLMLHJFFAW66CA
金城鎮,房地(土地+建物),金門縣金城鎮庵前31~60號,30.74,其他,,,1030304,土地1建物1車位0,三層,三層,公寓(5樓含以下無電梯),見其他登記事項,鋼筋混凝土造,1030128,54.63,2,2,1,有,無,4200000,76895,,0.0,0,,RPTOMLLMLHJFFAW86CA
金城鎮,房地(土地+建物),金門縣金城鎮庵前31~60號,30.74,其他,,,1030304,土地1建物1車位0,一層,三層,公寓(5樓含以下無電梯),見其他登記事項,鋼筋混凝土造,1030128,55.25,2,2,1,有,無,3800000,68791,,0.0,0,,RPVOMLLMLHJFFAW07CA
金城鎮,房地(土地+建物),金門縣金城鎮庵前31~60號,30.74,其他,,,1030304,土地1建物1車位0,二層,三層,公寓(5樓含以下無電梯),見其他登記事項,鋼筋混凝土造,1030128,55.25,2,2,1,有,無,3500000,63360,,0.0,0,,RPXOMLLMLHJFFAW27CA
金城鎮,房地(土地+建物),金門縣金城鎮庵前31~60號,30.74,其他,,,1030304,土地1建物1車位0,三層,三層,公寓(5樓含以下無電梯),見其他登記事項,鋼筋混凝土造,1030128,55.25,2,2,1,有,無,3800000,68791,,0.0,0,,RPPPMLLMLHJFFAW56CA
金城鎮,房地(土地+建物),金門縣金城鎮庵前31~60號,30.74,其他,,,1030304,土地1建物1車位0,二層,三層,公寓(5樓含以下無電梯),見其他登記事項,鋼筋混凝土造,1030128,55.25,2,2,1,有,無,3650000,66075,,0.0,0,,RPRPMLRLLHJFFAW27CA
金寧鄉,土地,寧湖一劃段271~300地號,800.36,其他,,,1030223,土地2建物0車位0,,,其他,,,,0.0,0,0,0,有,無,3000000,3748,,0.0,0,親友、員工或其他特殊關係間之交易。,RPQNMLSLLHJFFAW07CA
金城鎮,土地,山前段361~390地號,205.0,農,,,1030321,土地1建物0車位0,,,其他,,,,0.0,0,0,0,有,無,200000,976,,0.0,0,叔姪間的賣買,RPPOMLRLLHJFFAW07DA
金城鎮,土地,山前段331~360地號,223.0,農,,,1030321,土地1建物0車位0,,,其他,,,,0.0,0,0,0,有,無,200000,897,,0.0,0,叔姪間的賣買,RPQOMLRLLHJFFAW17DA
金城鎮,土地,舊金城段721~750地號,1155.51,農,,,1030325,土地1建物0車位0,,,其他,,,,0.0,0,0,0,有,無,4600000,3981,,0.0,0,,RPPNMLMLMHJFFAW56DA
金寧鄉,土地,寧湖三劃段271~300地號,1000.0,農,,,1030319,土地2建物0車位0,,,其他,,,,0.0,0,0,0,有,無,8250000,8250,,0.0,0,,RPQNMLPJMHJFFAW66CA
金沙鎮,土地,中蘭劃測段691~720地號,979.98,農,,,1030317,土地1建物0車位0,,,其他,,,,0.0,0,0,0,有,無,5000000,5102,,0.0,0,,RPWPMLLMLHJFFAW27CA
金城鎮,房地(土地+建物),金門縣金城鎮庵前31~60號,30.74,其他,,,1030304,土地1建物1車位0,一層,三層,公寓(5樓含以下無電梯),見其他登記事項,鋼筋混凝土造,1030128,55.25,2,2,1,有,無,3900000,70601,,0.0,0,,RPRPMLLMLHJFFAW76CA
金寧鄉,土地,安西劃段601~630地號,872.11,農,,,1030310,土地1建物0車位0,,,其他,,,,0.0,0,0,0,有,無,4790000,5492,,0.0,0,,RPSPMLLMLHJFFAW86CA
金寧鄉,土地,安西劃段841~870地號,564.91,農,,,1030310,土地1建物0車位0,,,其他,,,,0.0,0,0,0,有,無,3100000,5488,,0.0,0,,RPTPMLLMLHJFFAW96CA
金城鎮,房地(土地+建物),金門縣金城鎮小西門31~60號,51.15,其他,,,1030319,土地1建物1車位0,二層,三層,公寓(5樓含以下無電梯),見其他登記事項,鋼筋混凝土造,1030110,86.71,3,2,2,有,無,4200000,48437,,0.0,0,,RPRNMLRJMHJFFAW96CA
金沙鎮,土地,中蘭劃測段511~540地號,303.34,農,,,1030318,土地1建物0車位0,,,其他,,,,0.0,0,0,0,有,無,900000,2967,,0.0,0,,RPQNMLRJMHJFFAW86CA
金寧鄉,土地,寧湖二劃測段151~180地號,1000.02,農,,,1030323,土地1建物0車位0,,,其他,,,,0.0,0,0,0,有,無,16000000,16000,,0.0,0,,RPSNMLPJMHJFFAW86CA
金城鎮,土地,祥瑞段781~810地號,103.87,其他,,,1030314,土地12建物0車位0,,,其他,,,,0.0,0,0,0,有,無,3120000,30038,,0.0,0,,RPPNMLRJMHJFFAW86DA
金寧鄉,房地(土地+建物),金門縣金寧鄉湖南1~30號,135.35,住,,,1030331,土地1建物1車位0,全,三層,透天厝,見其他登記事項,鋼筋混凝土造,1030121,206.24,5,3,5,有,無,8600000,41699,,0.0,0,,RPQNMLPLMHJFFAW96DA
金寧鄉,土地,寧安四劃段301~330地號,1000.0,住,,,1030327,土地1建物0車位0,,,其他,,,,0.0,0,0,0,有,無,25518000,25518,,0.0,0,,RPQNMLTLMHJFFAW37DA
金城鎮,房地(土地+建物),金門縣金城鎮珠沙里小西門31~60號,51.15,住,,,1030402,土地1建物1車位0,一層,三層,公寓(5樓含以下無電梯),見其他登記事項,鋼筋混凝土造,1030110,91.15,3,2,2,有,無,3800000,41690,,0.0,0,,RPSNMLRJMHJFFAW17DA
金城鎮,土地,庵前劃測段871~900地號,780.0,農,,,1030307,土地1建物0車位0,,,其他,,,,0.0,0,0,0,有,無,4260000,5462,,0.0,0,,RPRNMLNJMHJFFAW66DA
金寧鄉,土地,寧湖二劃測段361~390地號,1000.01,農,,,1030314,土地1建物0車位0,,,其他,,,,0.0,0,0,0,有,無,12000000,12000,,0.0,0,,RPPNMLQKMHJFFAW76CA
金寧鄉,土地,北二三劃測段151~180地號,618.11,住,,,1030326,土地2建物0車位0,,,其他,,,,0.0,0,0,0,有,無,18700000,30254,,0.0,0,,RPTNMLNLMHJFFAW96CA
金寧鄉,土地,寧湖二劃測段121~150地號,2500.04,農,,,1030318,土地3建物0車位0,,,其他,,,,0.0,0,0,0,有,無,36000000,14400,,0.0,0,,RPSNMLNJMHJFFAW66CA
金沙鎮,土地,沙港劃段61~90地號,1000.05,農,,,1030326,土地1建物0車位0,,,其他,,,,0.0,0,0,0,有,無,5000000,5000,,0.0,0,,RPTNMLNJMHJFFAW76CA
金湖鎮,土地,湖高劃段31~60地號,6204.0,其他,,,1030314,土地4建物0車位0,,,其他,,,,0.0,0,0,0,有,無,17000000,2740,,0.0,0,,RPQNMLSJMHJFFAW96CA
金沙鎮,土地,沙港劃段631~660地號,1000.07,農,,,1030331,土地1建物0車位0,,,其他,,,,0.0,0,0,0,有,無,5000000,5000,,0.0,0,,RPPNMLMJNHJFFAW98CA
金城鎮,土地,舊金城段571~600地號,417.88,農,,,1030407,土地3建物0車位0,,,其他,,,,0.0,0,0,0,有,無,1000000,2393,,0.0,0,,RPPNMLQJNHJFFAW86DA
金寧鄉,土地,東坑村段31~60地號,751.0,其他,,,1030305,土地1建物0車位0,,,其他,,,,0.0,0,0,0,有,無,7250000,9654,,0.0,0,,RPOOMLTJMHJFFAW07DA
金寧鄉,土地,寧湖二劃測段1081~1110地號,607.1,農,,,1030321,土地1建物0車位0,,,其他,,,,0.0,0,0,0,有,無,5850000,9636,,0.0,0,,RPPNMLNLMHJFFAW56CA
金沙鎮,土地,沙溪一劃段451~480地號,933.08,農,,,1030317,土地1建物0車位0,,,其他,,,,0.0,0,0,0,有,無,3300000,3537,,0.0,0,,RPWNMLTJMHJFFAW67CA
金寧鄉,土地,下埔下段1~30地號,107.0,其他,,,1030321,土地1建物0車位0,,,其他,,,,0.0,0,0,0,有,無,4300000,40187,,0.0,0,,RPXNMLTJMHJFFAW77CA
金寧鄉,土地,煙墩段841~870地號,655.94,農,,,1030313,土地1建物0車位0,,,其他,,,,0.0,0,0,0,有,無,2200000,3354,,0.0,0,,RPQNMLLKMHJFFAW98CA
金城鎮,土地,歐厝段961~990地號,1018.46,其他,,,1030221,土地2建物0車位0,,,其他,,,,0.0,0,0,0,有,無,4684916,4600,,0.0,0,縣府價購,RPUNMLNLMHJFFAW07CA
金寧鄉,房地(土地+建物)+車位,金門縣金寧鄉下堡91~120號,49.57,住,,,1030328,土地1建物1車位1,三層,三層,公寓(5樓含以下無電梯),見其他登記事項,鋼筋混凝土造,1021120,140.04,3,2,2,有,無,6700000,47843,坡道平面,26.94,0,,RPPNMLPKMHJFFAW66CA
金寧鄉,房地(土地+建物)+車位,金門縣金寧鄉下堡91~120號,60.12,住,,,1030328,土地1建物1車位1,一層,三層,公寓(5樓含以下無電梯),見其他登記事項,鋼筋混凝土造,1021120,169.43,4,4,4,有,無,6112000,36074,坡道平面,26.94,0,,RPVNMLQKMHJFFAW37CA
金城鎮,土地,山前段391~420地號,268.0,農,,,1030401,土地1建物0車位0,,,其他,,,,0.0,0,0,0,有,無,600000,2239,,0.0,0,,RPPNMLSLMHJFFAW17DA
金寧鄉,土地,寧安二劃段361~390地號,666.66,其他,,,1030124,土地2建物0車位0,,,其他,,,,0.0,0,0,0,有,無,18800000,28200,,0.0,0,,RPTNMLRKMHJFFAW27CA
金城鎮,房地(土地+建物),金門縣金城鎮小西門61~90號,412.51,農,,,1030408,土地1建物1車位0,一層，二層，屋頂突出物,二層,農舍,農舍,鋼筋混凝土造,1021121,292.52,6,2,4,有,無,16800000,,,0.0,0,,RPQNMLQKMHJFFAW86CA
金沙鎮,土地,沙田劃段361~390地號,1000.0,其他,,,1030410,土地1建物0車位0,,,其他,,,,0.0,0,0,0,有,無,2800000,2800,,0.0,0,,RPSNMLKMMHJFFAW66CA
金寧鄉,土地,安西劃段1051~1080地號,683.7,農,,,1030326,土地1建物0車位0,,,其他,,,,0.0,0,0,0,有,無,4800000,7021,,0.0,0,,RPPNMLRKMHJFFAW86CA
金寧鄉,房地(土地+建物)+車位,金門縣金寧鄉下堡91~120號,22.01,住,,,1020311,土地1建物1車位1,二層,三層,套房(1房1廳1衛),見其他登記事項,鋼筋混凝土造,1021120,62.35,1,1,1,有,無,2200000,35285,坡道平面,26.94,0,,RPSNMLPKMHJFFAW96CA
金寧鄉,土地,煙墩段571~600地號,676.61,其他,,,1030324,土地1建物0車位0,,,其他,,,,0.0,0,0,0,有,無,1500000,2217,,0.0,0,,RPQNMLLLMHJFFAW09CA
金寧鄉,土地,榜林村段31~60地號,56.14,住,,,1030403,土地1建物0車位0,,,其他,,,,0.0,0,0,0,有,無,1235080,22000,,0.0,0,,RPQNMLOKMHJFFAW76DA
金寧鄉,土地,榜林村段31~60地號,20.38,住,,,1030403,土地1建物0車位0,,,其他,,,,0.0,0,0,0,有,無,448250,21995,,0.0,0,,RPRNMLOKMHJFFAW86DA
金寧鄉,土地,寧山段361~390地號,794.03,農,,,1030403,土地1建物0車位0,,,其他,,,,0.0,0,0,0,有,無,1540000,1939,,0.0,0,,RPQNMLPKMHJFFAW86DA
烈嶼鄉,土地,青岐段91~120地號,201.0,住,,,1030415,土地1建物0車位0,,,其他,,,,0.0,0,0,0,有,無,1600000,7960,,0.0,0,,RPQNMLPJNHJFFAW86DA
烈嶼鄉,土地,庵下測段121~150地號,466.92,農,,,1030119,土地1建物0車位0,,,其他,,,,0.0,0,0,0,有,無,1200000,2570,,0.0,0,,RPWNMLNLMHJFFAW37DA
金寧鄉,土地,北四劃段391~420地號,9810.41,住,,,1030407,土地17建物0車位0,,,其他,,,,0.0,0,0,0,有,無,49052050,5000,,0.0,0,,RPRNMLNKNHJFFAW86DA
金寧鄉,土地,北四劃段331~360地號,973.0,農,,,1030407,土地1建物0車位0,,,其他,,,,0.0,0,0,0,有,無,4865000,5000,,0.0,0,,RPSNMLNKNHJFFAW96DA
金寧鄉,土地,北四劃段361~390地號,627.8,農,,,1030407,土地1建物0車位0,,,其他,,,,0.0,0,0,0,有,無,3139000,5000,,0.0,0,,RPTNMLNKNHJFFAW07DA
金寧鄉,土地,北四劃段361~390地號,631.79,農,,,1030407,土地1建物0車位0,,,其他,,,,0.0,0,0,0,有,無,3158950,5000,,0.0,0,,RPUNMLNKNHJFFAW17DA
金城鎮,土地,古井段1~30地號,1209.86,其他,,,1030312,土地3建物0車位0,,,其他,,,,0.0,0,0,0,有,無,12703530,10500,,0.0,0,縣府價購,RPVNMLNLMHJFFAW17CA
金寧鄉,房地(土地+建物)+車位,金門縣金寧鄉下堡91~120號,166.85,住,,,1030408,土地1建物1車位11,三層,三層,公寓(5樓含以下無電梯),見其他登記事項,鋼筋混凝土造,1021120,470.12,5,5,5,有,無,12000000,25525,坡道平面,279.29,0,,RPPNMLQLMHJFFAW86CA
金寧鄉,房地(土地+建物)+車位,金門縣金寧鄉下堡91~120號,52.53,住,,,1030317,土地1建物1車位1,二層,三層,公寓(5樓含以下無電梯),見其他登記事項,鋼筋混凝土造,1021120,147.28,3,2,2,有,無,6150000,41757,坡道平面,26.94,0,,RPQNMLQLMHJFFAW96CA
金城鎮,房地(土地+建物),金門縣金城鎮金門城61~90號,37.88,其他,,,1030327,土地1建物1車位0,二層,三層,公寓(5樓含以下無電梯),見其他登記事項,鋼筋混凝土造,1030110,75.49,2,2,2,有,無,3000000,39740,,0.0,0,,RPRNMLSLMHJFFAW27CA
金寧鄉,土地,煙墩段571~600地號,676.62,其他,,,1030324,土地1建物0車位0,,,其他,,,,0.0,0,0,0,有,無,1500000,2217,,0.0,0,,RPPNMLLLMHJFFAW98CA
金沙鎮,土地,浯坑劃測段631~660地號,1120.0,農,,,1030408,土地2建物0車位0,,,其他,,,,0.0,0,0,0,有,無,5900000,5268,,0.0,0,,RPRNMLLLMHJFFAW56CA
金城鎮,房地(土地+建物),金門縣金城鎮前水頭91~120號,1132.0,其他,,,1030308,土地2建物1車位0,一層,一層,其他,住家用,見其他登記事項,0200920,163.57,4,1,1,有,無,33000000,,,0.0,0,,RPRNMLRKMHJFFAW07CA
金湖鎮,房地(土地+建物),金門縣金湖鎮太湖路一段31~60號,99.32,其他,,,1030325,土地1建物1車位0,全,三層,透天厝,見其他登記事項,鋼筋混凝土造,0880730,216.43,5,2,3,有,無,12000000,55445,,0.0,0,,RPPNMLKMMHJFFAW98CA
金湖鎮,土地,南雄段151~180地號,368.4,農,,,1030315,土地6建物0車位0,,,其他,,,,0.0,0,0,0,有,無,1000000,2714,,0.0,0,,RPPNMLMKNHJFFAW09CA
金沙鎮,土地,官嶼劃段361~390地號,320.0,農,,,1030313,土地1建物0車位0,,,其他,,,,0.0,0,0,0,有,無,1080000,3375,,0.0,0,,RPSNMLOKNHJFFAW07DA
金寧鄉,土地,古寧頭段751~780地號,118.0,其他,,,1030415,土地1建物0車位0,,,其他,,,,0.0,0,0,0,有,無,1710000,14492,,0.0,0,,RPUNMLLLMHJFFAW96DA
金城鎮,房地(土地+建物),金門縣金城鎮小西門31~60號,25.58,住,,,1030413,土地1建物1車位0,二層,三層,套房(1房1廳1衛),見其他登記事項,鋼筋混凝土造,1030110,51.83,1,1,1,有,無,2200000,42446,,0.0,0,,RPVNMLSKMHJFFAW67DA
金沙鎮,土地,北九劃段1351~1380地號,1000.0,其他,,,1030402,土地1建物0車位0,,,其他,,,,0.0,0,0,0,有,無,3200000,3200,,0.0,0,,RPQNMLMKNHJFFAW56CA
金寧鄉,土地,埔邊村段31~60地號,39.0,住,,,1030415,土地2建物0車位0,,,其他,,,,0.0,0,0,0,有,無,1170000,30000,,0.0,0,,RPPOMLSKMHJFFAW07CA
金沙鎮,土地,沙溪一劃段211~240地號,488.59,農,,,1030409,土地1建物0車位0,,,其他,,,,0.0,0,0,0,有,無,1850000,3786,,0.0,0,,RPQNMLNLMHJFFAW66CA
金沙鎮,土地,中蘭劃測段361~390地號,436.53,農,,,1030418,土地1建物0車位0,,,其他,,,,0.0,0,0,0,有,無,1300000,2978,,0.0,0,,RPQNMLMLMHJFFAW66DA
金沙鎮,土地,擎天段1231~1260地號,280.0,其他,,,1030417,土地1建物0車位0,,,其他,,,,0.0,0,0,0,有,無,1000000,3571,,0.0,0,,RPROMLQKNHJFFAW27DA
金城鎮,土地,祥安段691~720地號,44.45,住,,,1030401,土地1建物0車位0,,,其他,,,,0.0,0,0,0,有,無,3500000,78740,,0.0,0,,RPOOMLNLMHJFFAW66DA
金湖鎮,土地,中五劃段451~480地號,967.0,其他,,,1030320,土地1建物0車位0,,,其他,,,,0.0,0,0,0,有,無,3500000,3619,,0.0,0,,RPRNMLPLMHJFFAW96CA
金湖鎮,土地,新頭段271~300地號,920.88,農,,,1030328,土地1建物0車位0,,,其他,,,,0.0,0,0,0,有,無,12000000,13031,,0.0,0,,RPPOMLNLMHJFFAW66CA
金寧鄉,土地,后沙劃測段571~600地號,340.34,其他,,,1030421,土地1建物0車位0,,,其他,,,,0.0,0,0,0,有,無,850850,2500,,0.0,0,,RPQOMLNLMHJFFAW76CA
金寧鄉,土地,后沙劃測段571~600地號,73.89,其他,,,1030421,土地1建物0車位0,,,其他,,,,0.0,0,0,0,有,無,184733,2500,,0.0,0,,RPROMLNLMHJFFAW86CA
金寧鄉,土地,后沙劃測段601~630地號,124.97,其他,,,1030421,土地1建物0車位0,,,其他,,,,0.0,0,0,0,有,無,312416,2500,,0.0,0,,RPSOMLNLMHJFFAW96CA
金寧鄉,土地,后沙劃測段601~630地號,375.69,其他,,,1030421,土地1建物0車位0,,,其他,,,,0.0,0,0,0,有,無,939216,2500,,0.0,0,,RPTOMLNLMHJFFAW07CA
金城鎮,土地,金門城段811~840地號,633.0,其他,,,1030415,土地2建物0車位0,,,其他,,,,0.0,0,0,0,有,無,13990000,22101,,0.0,0,,RPPNMLOLMHJFFAW66CA
金沙鎮,房地(土地+建物),金門縣金沙鎮五福街31~60號,17.1,住,,,1020327,土地1建物1車位0,一層，騎樓,五層,公寓(5樓含以下無電梯),商業用,鋼筋混凝土造,0880518,59.35,0,0,0,無,無,3050000,51390,,0.0,0,,RPRNMLTJNHJFFAW27CA
金寧鄉,土地,安西劃段691~720地號,795.92,農,,,1030407,土地1建物0車位0,,,其他,,,,0.0,0,0,0,有,無,4000000,5026,,0.0,0,,RPUNMLPLMHJFFAW37DA
金城鎮,土地,山前段481~510地號,652.32,其他,,,1030417,土地3建物0車位0,,,其他,,,,0.0,0,0,0,有,無,2649000,4061,,0.0,0,,RPUNMLKMMHJFFAW96DA
金湖鎮,土地,夏興段1141~1170地號,130.0,其他,,,1030423,土地1建物0車位0,,,其他,,,,0.0,0,0,0,有,無,1160000,8923,,0.0,0,,RPQNMLOLMHJFFAW86DA
金湖鎮,土地,南雄段961~990地號,46.0,住,,,1030421,土地1建物0車位0,,,其他,,,,0.0,0,0,0,有,無,1000000,21739,,0.0,0,,RPRNMLOLMHJFFAW86CA
金寧鄉,土地,安西劃段211~240地號,1174.29,其他,,,1030320,土地2建物0車位0,,,其他,,,,0.0,0,0,0,有,無,23400000,19927,,0.0,0,,RPTNMLPLMHJFFAW17CA
金湖鎮,土地,北五劃段481~510地號,953.0,其他,,,1030318,土地1建物0車位0,,,其他,,,,0.0,0,0,0,有,無,3700000,3882,,0.0,0,,RPRNMLMKNHJFFAW66CA
金城鎮,土地,烏土段301~330地號,231.37,農,,,1030410,土地7建物0車位0,,,其他,,,,0.0,0,0,0,有,無,3353604,14495,,0.0,0,,RPTOMLQKNHJFFAW37CA
金城鎮,房地(土地+建物),金門縣金城鎮前水頭151~180號,899.25,農,,,1030421,土地8建物1車位0,全,三層,透天厝,住家用,鋼筋混凝土加強磚造,0810310,288.66,7,2,3,有,無,3000000,10393,,0.0,0,親友、員工或其他特殊關係間之交易。,RPPNMLTKNHJFFAW17CA
金城鎮,土地,小西門劃測段271~300地號,290.0,農,,,1030408,土地1建物0車位0,,,其他,,,,0.0,0,0,0,有,無,950000,3276,,0.0,0,,RPPNMLRJNHJFFAW86CA
金寧鄉,土地,寧劃段1261~1290地號,980.72,農,,,1030409,土地2建物0車位0,,,其他,,,,0.0,0,0,0,有,無,1600000,1631,,0.0,0,,RPRNMLKMMHJFFAW56CA
金沙鎮,土地,官嶼劃段601~630地號,1000.0,農,,,1030413,土地2建物0車位0,,,其他,,,,0.0,0,0,0,有,無,2800000,2800,,0.0,0,,RPRNMLTLMHJFFAW47DA
金寧鄉,土地,鎮西段181~210地號,983.84,農,,,1030422,土地1建物0車位0,,,其他,,,,0.0,0,0,0,有,無,5200000,5285,,0.0,0,,RPSNMLSLMHJFFAW47DA
金寧鄉,房地(土地+建物),金門縣烈嶼鄉南湖路1~30號,71.75,住,,,1030403,土地1建物1車位0,二層,三層,公寓(5樓含以下無電梯),見其他登記事項,鋼筋混凝土造,1030121,110.75,3,2,2,有,無,5650000,51016,,0.0,0,,RPTNMLRLNHJFFAW57DA
金寧鄉,土地,寧湖二劃測段151~180地號,780.02,農,,,1030415,土地1建物0車位0,,,其他,,,,0.0,0,0,0,有,無,10500000,13461,,0.0,0,,RPSNMLTLMHJFFAW47CA
金寧鄉,土地,中三劃測段151~180地號,733.01,農,,,1030414,土地2建物0車位0,,,其他,,,,0.0,0,0,0,有,無,11500000,15689,,0.0,0,,RPQNMLNJNHJFFAW56CA
金城鎮,土地,東紅山段421~450地號,1233.2,農,,,1030403,土地1建物0車位0,,,其他,,,,0.0,0,0,0,有,無,1900000,1541,,0.0,0,,RPRNMLNJNHJFFAW66CA
金寧鄉,土地,慈湖段421~450地號,500.0,其他,,,1030324,土地1建物0車位0,,,其他,,,,0.0,0,0,0,有,無,1764350,3529,,0.0,0,,RPQNMLQJNHJFFAW86CA
金寧鄉,土地,慈湖段421~450地號,500.0,其他,,,1030324,土地1建物0車位0,,,其他,,,,0.0,0,0,0,有,無,1764350,3529,,0.0,0,,RPRNMLQJNHJFFAW96CA
金寧鄉,土地,后垵段1~30地號,501.98,農,,,1030422,土地1建物0車位0,,,其他,,,,0.0,0,0,0,有,無,2200000,4383,,0.0,0,,RPQNMLLJNHJFFAW98CA
金沙鎮,土地,東珩段331~360地號,2191.15,農,,,1030414,土地2建物0車位0,,,其他,,,,0.0,0,0,0,有,無,8200000,3742,,0.0,0,,RPTNMLLJNHJFFAW66CA
金湖鎮,房地(土地+建物),金門縣金湖鎮武德新莊121~150號,19.19,住,,,1030423,土地1建物1車位0,一層,五層,套房(1房1廳1衛),見其他登記事項,鋼筋混凝土造,0990712,66.10000000000001,1,1,1,有,無,4320000,65356,,0.0,0,,RPQNMLMJNHJFFAW09CA
金湖鎮,土地,湖前段871~900地號,52.22,住,,,1030416,土地1建物0車位0,,,其他,,,,0.0,0,0,0,有,無,2163475,41430,,0.0,0,,RPSNMLMLNHJFFAW96DA
金城鎮,土地,祥瑞段961~990地號,115.0,其他,,,1030415,土地1建物0車位0,,,其他,,,,0.0,0,0,0,有,無,5150000,44783,,0.0,0,包含公共設施保留地之交易。,RPTNMLMJNHJFFAW76CA
金寧鄉,土地,龍潭段211~240地號,778.66,其他,,,1030410,土地1建物0車位0,,,其他,,,,0.0,0,0,0,有,無,3800000,4880,,0.0,0,,RPRNMLLJNHJFFAW09CA
金寧鄉,房地(土地+建物)+車位,金門縣金寧鄉下堡91~120號,77.13,住,,,1030416,土地1建物1車位1,一層,三層,公寓(5樓含以下無電梯),見其他登記事項,鋼筋混凝土造,1021120,217.79,5,5,5,有,無,12500000,57395,坡道平面,26.94,0,,RPQNMLRJNHJFFAW96CA
