﻿鄉鎮市區,交易標的,土地區段位置建物區段門牌,土地移轉總面積平方公尺,都市土地使用分區,非都市土地使用分區,非都市土地使用編定,交易年月日,交易筆棟數,移轉層次,總樓層數,建物型態,主要用途,主要建材,建築完成年月,建物移轉總面積平方公尺,建物現況格局-房,建物現況格局-廳,建物現況格局-衛,建物現況格局-隔間,有無管理組織,總價元,單價元平方公尺,車位類別,車位移轉總面積平方公尺,車位總價元,備註,編號
The villages and towns urban district,transaction sign,land sector position building sector house number plate,land shifting total area square meter,the use zoning or compiles and checks,the non-metropolis land use district,non-metropolis land use,transaction year month and day,transaction pen number,shifting level,total floor number,building state,main use,main building materials,construction to complete the years,building shifting total area,Building present situation pattern - room,building present situation pattern - hall,building present situation pattern - health,building present situation pattern - compartmented,Whether there is manages the organization,total price NTD,the unit price (NTD / square meter),the berth category,berth shifting total area square meter,the berth total price NTD,the note,serial number
湖西鄉,土地,許家段271~300地號,6872.22,,一般農業區,農牧用地,1020917,土地1建物0車位0,,,其他,,,,0.0,0,0,0,有,無,14551923,2117,,0.0,0,,RPVNMLRKJIIFFAX27CA
馬公市,土地,五福段121~150地號,260.82,,一般農業區,甲種建築用地,1021017,土地3建物0車位0,,,其他,,,,0.0,0,0,0,有,無,7600000,29139,,0.0,0,"農變建專案核准變更起造人,交易總價包括未興建房屋建築費用。",RPOOMLRKJIIFFAX66CA
馬公市,房地(土地+建物),澎湖縣馬公巿忠孝路108巷1~30號,78.5,住,,,1021015,土地2建物1車位0,全,三層,透天厝,住商用,鋼筋混凝土造,0721101,149.52,4,2,3,有,無,3800000,25415,,0.0,0,,RPPOMLRKJIIFFAX76CA
馬公市,土地,五福段31~60地號,239.41,,一般農業區,農牧用地,1021021,土地1建物0車位0,,,其他,,,,0.0,0,0,0,有,無,2580000,10776,,0.0,0,,RPQOMLRKJIIFFAX86CA
西嶼鄉,土地,內垵三段721~750地號,311.52,,一般農業區,農牧用地,1021028,土地1建物0車位0,,,其他,,,,0.0,0,0,0,有,無,202491,650,,0.0,0,親友、員工或其他特殊關係間之交易。,RPOOMLKLJIIFFAX68CA
馬公市,土地,北極段511~540地號,135.71,農,,,1020910,土地1建物0車位0,,,其他,,,,0.0,0,0,0,有,無,150000,1105,,0.0,0,親友、員工或其他特殊關係間之交易。,RPTNMLQJJIIFFAX86CA
馬公市,土地,四維段151~180地號,621.66,農,,,1021014,土地1建物0車位0,,,其他,,,,0.0,0,0,0,有,無,10340000,16633,,0.0,0,,RPQNMLPJJIIFFAX09CA
馬公市,土地,安宅段1141~1170地號,289.04,,一般農業區,農牧用地,1021101,土地1建物0車位0,,,其他,,,,0.0,0,0,0,有,無,1200000,4152,,0.0,0,,RPSNMLQJJIIFFAX86DA
馬公市,房地(土地+建物),澎湖縣馬公巿石泉里1~30號,113.31,,一般農業區,甲種建築用地,1021022,土地2建物1車位0,全,三層,透天厝,住家用,鋼筋混凝土造,0861104,185.14,4,2,5,有,無,4500000,24306,,0.0,0,,RPQNMLNKJIIFFAX09DA
馬公市,房地(土地+建物)+車位,澎湖縣馬公巿朝陽路61~90號,24.04,住,,,1021028,土地4建物1車位1,二層,七層,華廈(10層含以下有電梯),住家用,鋼筋混凝土造,0830509,135.97,3,1,2,有,有,3780000,27800,坡道平面,0.0,0,,RPPNMLQJJIIFFAX09CA
馬公市,土地,五德東段1291~1320地號,1037.91,,一般農業區,農牧用地,1020926,土地1建物0車位0,,,其他,,,,0.0,0,0,0,有,無,2500000,2409,,0.0,0,賣方賣清價,RPQNMLKLJIIFFAX78CA
白沙鄉,土地,吉貝西段1201~1230地號,301.8,,一般農業區,農牧用地,1021105,土地1建物0車位0,,,其他,,,,0.0,0,0,0,有,無,920000,3048,,0.0,0,親友、員工或其他特殊關係間之交易。,RPOOMLKLJIIFFAX88EA
馬公市,土地,山水北段571~600地號,419.35,,一般農業區,農牧用地,1021030,土地1建物0車位0,,,其他,,,,0.0,0,0,0,有,無,1014476,2419,,0.0,0,,RPSOMLRKJIIFFAX07CA
馬公市,土地,五福段541~570地號,3263.24,,一般農業區,農牧用地,1021011,土地4建物0車位0,,,其他,,,,0.0,0,0,0,有,無,35000000,10726,,0.0,0,,RPTNMLPKJIIFFAX86CA
馬公市,土地,鐵線段391~420地號,1843.44,,一般農業區,農牧用地,1021028,土地1建物0車位0,,,其他,,,,0.0,0,0,0,有,無,11000000,5967,,0.0,0,,RPSNMLRJJIIFFAX86CA
馬公市,土地,五福段511~540地號,2419.9,,一般農業區,農牧用地,1021028,土地1建物0車位0,,,其他,,,,0.0,0,0,0,有,無,27800000,11488,,0.0,0,,RPPNMLSJJIIFFAX66CA
馬公市,房地(土地+建物),澎湖縣馬公巿烏崁121~150號,105.14,,鄉村區,乙種建築用地,1021023,土地1建物1車位0,全,三層,透天厝,住家用,鋼筋混凝土造,0860913,171.86,5,2,3,有,無,4100000,23857,,0.0,0,,RPRNMLSJJIIFFAX86CA
西嶼鄉,土地,竹篙灣段1711~1740地號,218.0,,風景區,農牧用地,1021101,土地1建物0車位0,,,其他,,,,0.0,0,0,0,有,無,656000,3009,,0.0,0,,RPSNMLMKJIIFFAX09CA
馬公市,土地,文東段1441~1470地號,565.83,,一般農業區,農牧用地,1021007,土地1建物0車位0,,,其他,,,,0.0,0,0,0,有,無,7832500,13842,,0.0,0,,RPTOMLRKJIIFFAX17CA
湖西鄉,土地,林投南段841~870地號,205.51,,一般農業區,甲種建築用地,1021105,土地1建物0車位0,,,其他,,,,0.0,0,0,0,有,無,2500000,12165,,0.0,0,,RPPNMLMJKIIFFAX78CA
馬公市,土地,六合段121~150地號,822.94,,一般農業區,農牧用地,1021021,土地1建物0車位0,,,其他,,,,0.0,0,0,0,有,無,41600000,50550,,0.0,0,"權利人共三人,含未來興建3戶房屋價款,共建4戶,1戶未賣",RPTNMLPJKIIFFAX86CA
馬公市,土地,四維段181~210地號,2653.07,,一般農業區,農牧用地,1021028,土地2建物0車位0,,,其他,,,,0.0,0,0,0,有,無,37034250,13959,,0.0,0,,RPVOMLRKJIIFFAX37CA
馬公市,土地,興崁段871~900地號,233.05,,一般農業區,甲種建築用地,1021101,土地2建物0車位0,,,其他,,,,0.0,0,0,0,有,無,6460000,27719,,0.0,0,含未來興建房屋之價款,RPSNMLLKJIIFFAX98CA
馬公市,房地(土地+建物),澎湖縣馬公巿後窟潭1~30號,56.01,,鄉村區,乙種建築用地,1021026,土地1建物1車位0,全,二層,透天厝,住家用,鋼筋混凝土加強磚造,0690202,85.4,3,2,2,有,無,3150000,36885,,0.0,0,,RPPNMLNKJIIFFAX88CA
西嶼鄉,房地(土地+建物),澎湖縣西嶼鄉小池角61~90號,488.97,其他,,,1021023,土地3建物1車位0,全,一層,透天厝,住家用,見其他登記事項,,16.47,2,1,1,有,無,415000,25197,,0.0,0,,RPUOMLRKJIIFFAX27CA
馬公市,土地,雙湖段781~810地號,307.34,,一般農業區,農牧用地,1021105,土地1建物0車位0,,,其他,,,,0.0,0,0,0,有,無,3255000,10591,,0.0,0,,RPQNMLMKJIIFFAX98DA
馬公市,土地,春暉段151~180地號,55.0,其他,,,1021108,土地1建物0車位0,,,其他,,,,0.0,0,0,0,有,無,825000,15000,,0.0,0,,RPRNMLMKJIIFFAX09DA
馬公市,房地(土地+建物),澎湖縣馬公巿鎖管港1~30號,100.67,住,,,1021031,土地1建物1車位0,全,三層,透天厝,住家用,鋼筋混凝土造,0830525,179.26,4,2,3,有,無,2360000,13165,,0.0,0,,RPSNMLNKJIIFFAX66DA
馬公市,房地(土地+建物),澎湖縣馬公巿民裕街36巷1~30號,53.63,住,,,1021031,土地1建物1車位0,五層,五層,公寓(5樓含以下無電梯),國民住宅,鋼筋混凝土造,0840119,112.1,3,2,2,有,無,3300000,29438,,0.0,0,,RPTNMLNKJIIFFAX76DA
馬公市,土地,五福段31~60地號,1504.5,,一般農業區,農牧用地,1021022,土地3建物0車位0,,,其他,,,,0.0,0,0,0,有,無,18500000,12296,,0.0,0,,RPWOMLRKJIIFFAX47CA
馬公市,土地,興仁段871~900地號,363.99,,一般農業區,農牧用地,1021101,土地1建物0車位0,,,其他,,,,0.0,0,0,0,有,無,341330,938,,0.0,0,,RPXOMLRKJIIFFAX57CA
馬公市,土地,國宅段721~750地號,625.33,住,,,1021007,土地2建物0車位0,,,其他,,,,0.0,0,0,0,有,無,7188000,11495,,0.0,0,,RPQOMLNKJIIFFAX09CA
望安鄉,土地,望安段421~450地號,215.0,,鄉村區,乙種建築用地,1021107,土地1建物0車位0,,,其他,,,,0.0,0,0,0,有,無,400000,1860,,0.0,0,,RPPNMLOKJIIFFAX98CA
湖西鄉,土地,潭邊新段391~420地號,345.07,,一般農業區,農牧用地,1021106,土地1建物0車位0,,,其他,,,,0.0,0,0,0,有,無,608888,1765,,0.0,0,澎湖縣府代標地籍清理案件,RPQNMLOKJIIFFAX09CA
湖西鄉,土地,東石新段211~240地號,879.79,,風景區,農牧用地,1021031,土地2建物0車位0,,,其他,,,,0.0,0,0,0,有,無,1500000,1705,,0.0,0,,RPRNMLPKJIIFFAX66CA
湖西鄉,土地,湖西南段2971~3000地號,2397.11,,一般農業區,農牧用地,1021108,土地1建物0車位0,,,其他,,,,0.0,0,0,0,有,無,9300000,3880,,0.0,0,,RPOOMLNKJIIFFAX88CA
白沙鄉,土地,後寮段1471~1500地號,1055.0,,一般農業區,農牧用地,1021101,土地1建物0車位0,,,其他,,,,0.0,0,0,0,有,無,1000000,948,,0.0,0,,RPPOMLNKJIIFFAX98CA
馬公市,土地,西澳段151~180地號,148.91,住,,,1020912,土地1建物0車位0,,,其他,,,,0.0,0,0,0,有,無,4500000,30220,,0.0,0,,RPTNMLMJKIIFFAX56CA
馬公市,土地,六合段691~720地號,630.74,農,,,1021112,土地3建物0車位0,,,其他,,,,0.0,0,0,0,有,無,10110000,16029,,0.0,0,,RPQNMLPKJIIFFAX56CA
湖西鄉,土地,許家段1171~1200地號,2439.45,,一般農業區,農牧用地,1021106,土地2建物0車位0,,,其他,,,,0.0,0,0,0,有,無,5257000,2155,,0.0,0,向政府機關承購之案件。,RPWNMLKLJIIFFAX76CA
馬公市,房地(土地+建物),澎湖縣馬公巿三多路146巷1~30號,39.52,住,,,1021101,土地1建物1車位0,全,二層,透天厝,住家用,鋼筋混凝土加強空心磚造,0640617,55.44,3,2,1,有,無,2000000,36075,,0.0,0,親友、員工或其他特殊關係間之交易。,RPTNMLRLJIIFFAX37EA
馬公市,土地,安宅段1141~1170地號,883.19,,一般農業區,農牧用地,1021105,土地2建物0車位0,,,其他,,,,0.0,0,0,0,有,無,27500000,31137,,0.0,0,農變建專案核准，交易總價位包括未興建房屋建築費用，四戶總價，農變建專案。,RPQNMLQLJIIFFAX76CA
白沙鄉,土地,通梁東段1~30地號,664.27,,風景區,農牧用地,1021107,土地1建物0車位0,,,其他,,,,0.0,0,0,0,有,無,1200000,1806,,0.0,0,,RPPNMLSKJIIFFAX76CA
馬公市,土地,五福段121~150地號,234.86,,一般農業區,甲種建築用地,1021105,土地2建物0車位0,,,其他,,,,0.0,0,0,0,有,無,9200000,39172,,0.0,0,含未來興建房屋乙棟之價款起造人變更,RPPNMLTKJIIFFAX86CA
馬公市,土地,文石段1141~1170地號,2050.86,,一般農業區,農牧用地,1021031,土地1建物0車位0,,,其他,,,,0.0,0,0,0,有,無,10000000,4876,,0.0,0,,RPRNMLSKJIIFFAX96CA
馬公市,土地,東衛段1501~1530地號,204.29,,一般農業區,農牧用地,1021012,土地1建物0車位0,,,其他,,,,0.0,0,0,0,有,無,522500,2558,,0.0,0,,RPVNMLLLJIIFFAX76CA
馬公市,房地(土地+建物),澎湖縣馬公巿石泉路1~30號,129.9,,一般農業區,甲種建築用地,1021105,土地2建物1車位0,全,三層,透天厝,住家用,鋼筋混凝土造,0870602,193.86,4,1,3,有,無,5660000,29196,,0.0,0,,RPQNMLKMJIIFFAX88CA
馬公市,房地(土地+建物),澎湖縣馬公巿西衛271~300號,83.0,,一般農業區,甲種建築用地,1021112,土地1建物1車位0,全,四層,透天厝,住家用,鋼筋混凝土造,0841230,183.19,5,2,4,有,無,4600000,25111,,0.0,0,,RPSNMLKLJIIFFAX09DA
湖西鄉,土地,城北段811~840地號,970.03,,一般農業區,農牧用地,1021016,土地2建物0車位0,,,其他,,,,0.0,0,0,0,有,無,1100000,1134,,0.0,0,,RPQNMLLLJIIFFAX98DA
馬公市,土地,安宅段1171~1200地號,222.13,,一般農業區,甲種建築用地,1021107,土地2建物0車位0,,,其他,,,,0.0,0,0,0,有,無,6800000,30613,,0.0,0,變更起造人包含未來興建房屋建築費用,RPSNMLPLJIIFFAX96DA
馬公市,土地,馬公段2191~2220地號,72.0,商,,,1021118,土地1建物0車位0,,,其他,,,,0.0,0,0,0,有,無,6988888,97068,,0.0,0,,RPQOMLKLJIIFFAX88CA
馬公市,土地,文東段481~510地號,88.17,,一般農業區,農牧用地,1021114,土地1建物0車位0,,,其他,,,,0.0,0,0,0,有,無,320000,3629,,0.0,0,,RPUNMLLLJIIFFAX66CA
馬公市,土地,雙湖段1051~1080地號,1321.17,,一般農業區,農牧用地,1021112,土地1建物0車位0,,,其他,,,,0.0,0,0,0,有,無,35000000,26492,,0.0,0,變更起造人，含未來興建房屋之費用。權利人數：5人。,RPVNMLSLJIIFFAX47CA
馬公市,土地,五福段691~720地號,1507.8,,一般農業區,農牧用地,1021024,土地3建物0車位0,,,其他,,,,0.0,0,0,0,有,無,78000000,51731,,0.0,0,權利人共7人含未來興建7戶之房屋價款,RPVNMLPJKIIFFAX07CA
馬公市,土地,山水北段781~810地號,1116.8,,一般農業區,農牧用地,1021115,土地1建物0車位0,,,其他,,,,0.0,0,0,0,有,無,4007000,3588,,0.0,0,,RPQNMLQJKIIFFAX66CA
馬公市,土地,東衛段901~930地號,184.42,,鄉村區,乙種建築用地,1021119,土地1建物0車位0,,,其他,,,,0.0,0,0,0,有,無,645470,3500,,0.0,0,親友、員工或其他特殊關係間之交易。,RPSNMLRLJIIFFAX17DA
馬公市,房地(土地+建物),澎湖縣馬公巿五福路31~60號,75.33,,鄉村區,乙種建築用地,1021105,土地1建物1車位0,全,二層,透天厝,住家用,鋼筋混凝土加強磚造,0670630,123.84,2,1,3,有,無,2580000,20833,,0.0,0,,RPPNMLPLJIIFFAX66DA
馬公市,房地(土地+建物),澎湖縣馬公巿民樂街61~90號,108.0,住,,,1021107,土地1建物1車位0,全,四層,透天厝,住商用,鋼筋混凝土造,0820706,228.04,6,1,6,有,無,12000000,52622,,0.0,0,,RPPNMLLLJIIFFAX88DA
馬公市,房地(土地+建物)+車位,澎湖縣馬公巿貿商街121~150號,30.6,住,,,1021024,土地2建物1車位1,六層,十四層,住宅大樓(11層含以上有電梯),見其他登記事項,鋼筋混凝土造,0950710,188.19,3,2,2,有,有,4300000,22849,坡道平面,0.0,0,,RPPNMLKMJIIFFAX78CA
湖西鄉,土地,城北段1111~1140地號,1164.07,,一般農業區,農牧用地,1021113,土地1建物0車位0,,,其他,,,,0.0,0,0,0,有,無,3550000,3050,,0.0,0,,RPPNMLMLJIIFFAX88CA
湖西鄉,土地,尖山南段751~780地號,1282.4,,一般農業區,農牧用地,1021112,土地1建物0車位0,,,其他,,,,0.0,0,0,0,有,無,8917100,6953,,0.0,0,,RPPNMLLKKIIFFAX78CA
馬公市,土地,埕中段601~630地號,64.43,住,,,1021111,土地2建物0車位0,,,其他,,,,0.0,0,0,0,有,無,4400000,68291,,0.0,0,,RPQNMLPLJIIFFAX66CA
馬公市,土地,海堤段1~30地號,330.05,,一般農業區,農牧用地,1021115,土地1建物0車位0,,,其他,,,,0.0,0,0,0,有,無,2000000,6060,,0.0,0,,RPQNMLRLJIIFFAX86CA
馬公市,土地,鐵線段511~540地號,605.72,,一般農業區,農牧用地,1021113,土地1建物0車位0,,,其他,,,,0.0,0,0,0,有,無,2470000,4078,,0.0,0,,RPRNMLSLJIIFFAX07CA
馬公市,房地(土地+建物),澎湖縣馬公巿貿商接121~150號,27.04,住,,,1021118,土地1建物1車位0,十二層,十二層,住宅大樓(11層含以上有電梯),見其他登記事項,鋼筋混凝土造,0950629,181.95999999999998,3,2,2,有,有,2100000,11541,,0.0,0,朋友關係間之交易。,RPPNMLTLJIIFFAX07DA
馬公市,建物,澎湖縣馬公巿鎖管港1051~1080號,0.0,,,,1021121,土地0建物1車位0,全,二層,透天厝,見其他登記事項,見其他登記事項,0860218,1308.34,3,0,3,有,無,7000000,5350,,0.0,0,,RPUNMLRLJIIFFAX37DA
馬公市,土地,鐵線段1201~1230地號,1579.07,,一般農業區,農牧用地,1021108,土地2建物0車位0,,,其他,,,,0.0,0,0,0,有,無,1660000,1051,,0.0,0,,RPSNMLQLJIIFFAX96CA
望安鄉,土地,將軍澳段1141~1170地號,178.0,,鄉村區,遊憩用地,1021111,土地1建物0車位0,,,其他,,,,0.0,0,0,0,有,無,26700,150,,0.0,0,向政府機關承購之案件。,RPRNMLQLJIIFFAX07EA
湖西鄉,土地,許家段121~150地號,113.84,,一般農業區,交通用地,1021211,土地1建物0車位0,,,其他,,,,0.0,0,0,0,有,無,492244,4324,,0.0,0,包含公共設施保留地之交易。,RPUNMLNLKIIFFAX17EA
馬公市,土地,埕西段1~30地號,5.02,住,,,1021115,土地1建物0車位0,,,其他,,,,0.0,0,0,0,有,無,183330,36520,,0.0,0,,RPVNMLOLKIIFFAX37EA
馬公市,土地,鐵線段1231~1260地號,834.41,,一般農業區,農牧用地,1021115,土地2建物0車位0,,,其他,,,,0.0,0,0,0,有,無,2300000,2756,,0.0,0,,RPSNMLSLJIIFFAX17CA
馬公市,土地,五福段91~120地號,1101.58,,一般農業區,農牧用地,1021121,土地1建物0車位0,,,其他,,,,0.0,0,0,0,有,無,13320000,12092,,0.0,0,,RPRNMLRLJIIFFAX96CA
白沙鄉,土地,後寮段931~960地號,669.0,,一般農業區,農牧用地,1021119,土地1建物0車位0,,,其他,,,,0.0,0,0,0,有,無,450000,673,,0.0,0,,RPWNMLRLJIIFFAX47CA
白沙鄉,土地,赤崁西段1~30地號,48.55,,鄉村區,乙種建築用地,1021121,土地1建物0車位0,,,其他,,,,0.0,0,0,0,有,無,250000,5149,,0.0,0,,RPPNMLNKKIIFFAX98CA
湖西鄉,土地,成功南段601~630地號,1030.3,,一般農業區,農牧用地,1021030,土地1建物0車位0,,,其他,,,,0.0,0,0,0,有,無,1402200,1361,,0.0,0,,RPVNMLTJKIIFFAX57DA
馬公市,房地(土地+建物),澎湖縣馬公巿石泉1~30號,167.62,,鄉村區,乙種建築用地,1021107,土地2建物1車位0,全,四層,透天厝,住家用,鋼筋混凝土造,0900704,358.68,5,2,3,有,無,12000000,33456,,0.0,0,,RPVNMLRLJIIFFAX47DA
馬公市,房地(土地+建物),澎湖縣馬公巿石泉1~30號,47.53,,鄉村區,乙種建築用地,1021118,土地1建物1車位0,全,三層,透天厝,住家用,鋼筋混凝土造,0720118,100.62,3,2,4,有,無,3200000,31803,,0.0,0,,RPRNMLLKKIIFFAX09DA
馬公市,土地,文石段1231~1260地號,226.53,,一般農業區,甲種建築用地,1021007,土地2建物0車位0,,,其他,,,,0.0,0,0,0,有,無,7300000,32225,,0.0,0,"農變建專案核准變更起造人,交易總價包括未興建房屋建築費用。",RPRNMLQJKIIFFAX76CA
馬公市,土地,五福段271~300地號,522.5,,一般農業區,農牧用地,1021120,土地2建物0車位0,,,其他,,,,0.0,0,0,0,有,無,17800000,34067,,0.0,0,"農變建專案核准,交易總價包括未興建房屋建築費用。",RPSNMLQJKIIFFAX86CA
馬公市,土地,山水北段781~810地號,1116.8,,一般農業區,農牧用地,1021120,土地1建物0車位0,,,其他,,,,0.0,0,0,0,有,無,6700000,5999,,0.0,0,,RPTNMLQJKIIFFAX96CA
湖西鄉,土地,東石新段211~240地號,1064.26,,風景區,農牧用地,1021125,土地1建物0車位0,,,其他,,,,0.0,0,0,0,有,無,5000000,4698,,0.0,0,,RPUNMLQJKIIFFAX07CA
馬公市,土地,東澳段751~780地號,84.54,住,,,1021113,土地2建物0車位0,,,其他,,,,0.0,0,0,0,有,無,3500000,41401,,0.0,0,,RPVNMLQJKIIFFAX17CA
馬公市,土地,東澳段751~780地號,117.28,住,,,1021113,土地1建物0車位0,,,其他,,,,0.0,0,0,0,有,無,5325000,45404,,0.0,0,,RPWNMLQJKIIFFAX27CA
馬公市,土地,六合段391~420地號,1670.5,,一般農業區,農牧用地,1021122,土地1建物0車位0,,,其他,,,,0.0,0,0,0,有,無,15150000,9069,,0.0,0,,RPQNMLTLJIIFFAX07CA
白沙鄉,土地,大倉段61~90地號,89.0,,鄉村區,乙種建築用地,1021112,土地1建物0車位0,,,其他,,,,0.0,0,0,0,有,無,234960,2640,,0.0,0,向政府機關承購之案件。,RPUNMLSLJIIFFAX57EA
馬公市,土地,國宅段61~90地號,965.56,,一般農業區,農牧用地,1021126,土地1建物0車位0,,,其他,,,,0.0,0,0,0,有,無,2000000,2071,,0.0,0,親友、員工或其他特殊關係間之交易。,RPQNMLMJKIIFFAX09EA
馬公市,土地,五福段271~300地號,189.59,,一般農業區,甲種建築用地,1021119,土地2建物0車位0,,,其他,,,,0.0,0,0,0,有,無,6800000,35867,,0.0,0,"農變建專案核准變更起造人,交易總價包括未興建房屋建築費用。",RPSNMLSJKIIFFAX07CA
馬公市,土地,五福段121~150地號,251.5,,一般農業區,甲種建築用地,1021115,土地3建物0車位0,,,其他,,,,0.0,0,0,0,有,無,7760000,30855,,0.0,0,"農變建專案核准變更起造人,交易總價包括未興建房屋建築費用。",RPPNMLSJKIIFFAX76CA
馬公市,土地,五福段121~150地號,239.2,,一般農業區,甲種建築用地,1011115,土地3建物0車位0,,,其他,,,,0.0,0,0,0,有,無,7700000,32191,,0.0,0,"農變建專案核准變更起造人,交易總價包括未興建房屋建築費用。",RPQNMLSJKIIFFAX86CA
馬公市,土地,東澳段751~780地號,441.53,住,,,1021115,土地2建物0車位0,,,其他,,,,0.0,0,0,0,有,無,15880000,35966,,0.0,0,,RPQNMLTJKIIFFAX96CA
馬公市,土地,五福段271~300地號,189.59,,一般農業區,甲種建築用地,1021119,土地2建物0車位0,,,其他,,,,0.0,0,0,0,有,無,6920000,36500,,0.0,0,"農變建專案核准變更起造人,交易總價包括未興建房屋建築費用。",RPTNMLSJKIIFFAX17CA
馬公市,土地,文東段541~570地號,90.59,,一般農業區,農牧用地,1021125,土地1建物0車位0,,,其他,,,,0.0,0,0,0,有,無,356000,3930,,0.0,0,,RPPNMLNJKIIFFAX88CA
馬公市,房地(土地+建物),澎湖縣馬公巿鎖管港901~930號,66.69,商,,,1021119,土地1建物1車位0,全,二層,透天厝,住商用,鋼筋混凝土加強磚造,0691230,104.4,3,2,2,有,無,2500000,23946,,0.0,0,,RPPNMLRJKIIFFAX66CA
馬公市,土地,興崁段1021~1050地號,759.5,,一般農業區,農牧用地,1021105,土地1建物0車位0,,,其他,,,,0.0,0,0,0,有,無,3216000,4234,,0.0,0,,RPQNMLNKKIIFFAX09CA
湖西鄉,土地,湖西北段631~660地號,659.81,,一般農業區,農牧用地,1021106,土地1建物0車位0,,,其他,,,,0.0,0,0,0,有,無,2155680,3267,,0.0,0,向政府機關承購之案件。,RPQNMLLMKIIFFAX56DA
馬公市,土地,東衛段331~360地號,754.24,,一般農業區,農牧用地,1021101,土地1建物0車位0,,,其他,,,,0.0,0,0,0,有,無,4000000,5303,,0.0,0,,RPQNMLPJKIIFFAX56CA
馬公市,土地,興崁段571~600地號,1230.08,,一般農業區,農牧用地,1021126,土地1建物0車位0,,,其他,,,,0.0,0,0,0,有,無,700000,569,,0.0,0,,RPUNMLSJKIIFFAX27CA
西嶼鄉,土地,小池角段3811~3840地號,499.0,,鄉村區,乙種建築用地,1021127,土地1建物0車位0,,,其他,,,,0.0,0,0,0,有,無,1020000,2044,,0.0,0,,RPVNMLSJKIIFFAX37CA
馬公市,土地,五德東段631~660地號,987.71,,一般農業區,農牧用地,1021125,土地3建物0車位0,,,其他,,,,0.0,0,0,0,有,無,4800000,4860,,0.0,0,,RPRNMLSJKIIFFAX96CA
馬公市,房地(土地+建物),澎湖縣馬公巿東衛151~180號,92.3,,鄉村區,乙種建築用地,1021124,土地1建物1車位0,全,三層,透天厝,住家用,鋼筋混凝土造,0830430,213.96,4,2,3,有,無,4530000,21172,,0.0,0,,RPSNMLTJKIIFFAX17CA
馬公市,房地(土地+建物),澎湖縣馬公巿同和路1~30號,66.73,住,,,1021124,土地1建物1車位0,全,四層,透天厝,住家用,鋼筋混凝土造,1000104,181.99,8,1,7,有,無,11600000,63740,,0.0,0,,RPUNMLTJKIIFFAX37CA
湖西鄉,土地,紅羅段1531~1560地號,868.9,,一般農業區,農牧用地,1021126,土地1建物0車位0,,,其他,,,,0.0,0,0,0,有,無,3100000,3568,,0.0,0,,RPRNMLPJKIIFFAX66CA
湖西鄉,土地,沙港北段511~540地號,1262.17,,一般農業區,農牧用地,1021121,土地4建物0車位0,,,其他,,,,0.0,0,0,0,有,無,1910000,1513,,0.0,0,,RPPNMLOLKIIFFAX56CA
湖西鄉,土地,許家段151~180地號,24.28,,一般農業區,交通用地,1021203,土地1建物0車位0,,,其他,,,,0.0,0,0,0,有,無,104986,4324,,0.0,0,澎12號鄉道工程協議價購4324元/m2,RPWNMLSJJHJFFAX47DA
馬公市,土地,中衛段1201~1230地號,75.04,其他,,,1021203,土地1建物0車位0,,,其他,,,,0.0,0,0,0,有,無,637798,8499,,0.0,0,,RPWNMLKKKIIFFAX86DA
馬公市,土地,中衛段1201~1230地號,587.27,其他,,,1021203,土地1建物0車位0,,,其他,,,,0.0,0,0,0,有,無,4991795,8500,,0.0,0,,RPXNMLKKKIIFFAX96DA
西嶼鄉,土地,橫礁段511~540地號,480.33,,風景區,農牧用地,1020923,土地7建物0車位0,,,其他,,,,0.0,0,0,0,有,無,400000,833,,0.0,0,親友、員工或其他特殊關係間之交易。,RPRNMLMKKIIFFAX56DA
馬公市,土地,鎖港西段781~810地號,271.44,農,,,1021130,土地1建物0車位0,,,其他,,,,0.0,0,0,0,有,無,760000,2800,,0.0,0,,RPWNMLPJKIIFFAX27DA
湖西鄉,土地,許家段31~60地號,1605.92,,一般農業區,農牧用地,1021118,土地1建物0車位0,,,其他,,,,0.0,0,0,0,有,無,4857900,3025,,0.0,0,,RPPNMLQJKIIFFAX66DA
馬公市,土地,中衛段1231~1260地號,160.01,其他,,,1021203,土地1建物0車位0,,,其他,,,,0.0,0,0,0,有,無,1360085,8500,,0.0,0,,RPUNMLKKKIIFFAX66DA
馬公市,土地,山水北段151~180地號,960.73,,一般農業區,農牧用地,1021102,土地2建物0車位0,,,其他,,,,0.0,0,0,0,有,無,4213900,4386,,0.0,0,,RPRNMLQLKIIFFAX17EA
馬公市,土地,文石段1141~1170地號,2050.86,,一般農業區,農牧用地,1021202,土地1建物0車位0,,,其他,,,,0.0,0,0,0,有,無,10000000,4876,,0.0,0,,RPPNMLNLJHJFFAX09DA
馬公市,土地,中衛段1231~1260地號,160.01,其他,,,1021203,土地1建物0車位0,,,其他,,,,0.0,0,0,0,有,無,1360085,8500,,0.0,0,,RPVNMLKKKIIFFAX76DA
馬公市,土地,興仁段721~750地號,3350.57,,一般農業區,農牧用地,1021130,土地3建物0車位0,,,其他,,,,0.0,0,0,0,有,無,4250000,1268,,0.0,0,,RPSNMLKKKIIFFAX09DA
西嶼鄉,土地,橫礁段511~540地號,480.33,,風景區,農牧用地,1020923,土地7建物0車位0,,,其他,,,,0.0,0,0,0,有,無,400000,833,,0.0,0,親友、員工或其他特殊關係間之交易。,RPQNMLMKKIIFFAX09DA
馬公市,土地,鐵線段571~600地號,780.84,,一般農業區,農牧用地,1021125,土地1建物0車位0,,,其他,,,,0.0,0,0,0,有,無,3658000,4685,,0.0,0,,RPPNMLTJKIIFFAX86CA
馬公市,房地(土地+建物),澎湖縣馬公巿樂群街27巷1~30號,64.7,住,,,1020927,土地1建物1車位0,全,二層,透天厝,住家用,鋼筋混凝土加強磚造,0720408,87.64,3,1,2,有,無,4320000,49293,,0.0,0,,RPQNMLKKKIIFFAX78CA
馬公市,房地(土地+建物),澎湖縣馬公巿四維路181~210號,79.05,住,,,1021104,土地1建物1車位0,全,二層,透天厝,住家用,鋼筋混凝土加強磚造,0730621,99.66,4,2,3,有,無,4980000,49970,,0.0,0,,RPPNMLKKKIIFFAX68CA
馬公市,房地(土地+建物)+車位,澎湖縣馬公巿光復路148巷1~30號,30.03,住,,,1021126,土地2建物1車位1,七層,七層,華廈(10層含以下有電梯),住家用,鋼筋混凝土造,0830303,144.60999999999999,3,2,4,有,無,4100000,28352,坡道平面,0.0,0,,RPTNMLTJKIIFFAX27CA
湖西鄉,土地,許家段631~660地號,1530.68,,一般農業區,農牧用地,1021201,土地3建物0車位0,,,其他,,,,0.0,0,0,0,有,無,3526000,2304,,0.0,0,,RPRNMLOLKIIFFAX76CA
馬公市,房地(土地+建物),澎湖縣馬公巿中山路1~30號,54.0,商,,,1021202,土地2建物1車位0,全,三層,透天厝,住商用,鋼筋混凝土加強磚造,0631007,130.55,5,2,3,有,無,9080000,69552,,0.0,0,,RPTNMLPLKIIFFAX07CA
西嶼鄉,土地,竹篙灣段3421~3450地號,11048.0,,一般農業區,農牧用地,1021203,土地2建物0車位0,,,其他,,,,0.0,0,0,0,有,無,20000000,1810,,0.0,0,,RPQNMLNLKIIFFAX66DA
馬公市,土地,中衛段1201~1230地號,75.04,其他,,,1021203,土地1建物0車位0,,,其他,,,,0.0,0,0,0,有,無,637798,8499,,0.0,0,,RPPOMLKKKIIFFAX88DA
馬公市,土地,興仁段1411~1440地號,2081.02,,一般農業區,農牧用地,1021202,土地1建物0車位0,,,其他,,,,0.0,0,0,0,有,無,8183500,3932,,0.0,0,,RPRNMLKKKIIFFAX98DA
馬公市,房地(土地+建物)+車位,澎湖縣馬公巿中華路211~240號,22.12,住,,,1021130,土地2建物1車位1,五層,七層,華廈(10層含以下有電梯),住家用,鋼筋混凝土造,0821119,121.69999999999999,3,2,2,有,有,3700000,30403,升降機械,0.0,0,,RPTNMLKKKIIFFAX56DA
馬公市,房地(土地+建物),澎湖縣馬公巿中華路271~300號,54.35,住,,,1021129,土地1建物1車位0,全,三層,透天厝,住商用,鋼筋混凝土造,0921124,126.62,4,3,5,有,無,11000000,86874,,0.0,0,,RPQNMLLKKIIFFAX98DA
馬公市,土地,五德東段661~690地號,667.85,,一般農業區,農牧用地,1021118,土地3建物0車位0,,,其他,,,,0.0,0,0,0,有,無,2000000,2995,,0.0,0,賣方賣清價,RPROMLPLKIIFFAX96CA
馬公市,土地,鐵線段871~900地號,412.31,,一般農業區,農牧用地,1021203,土地1建物0車位0,,,其他,,,,0.0,0,0,0,有,無,997600,2420,,0.0,0,,RPPNMLMKKIIFFAX88CA
馬公市,房地(土地+建物),澎湖縣馬公巿大智街18巷20弄1~30號,44.0,商,,,1021205,土地1建物1車位0,全,四層,透天厝,住商用,鋼筋混凝土加強磚造,0690213,147.2,3,2,2,有,無,1455500,9888,,0.0,0,受債權債務影響或債務抵償之交易。,RPPNMLMJJHJFFAX68CA
馬公市,房地(土地+建物),澎湖縣馬公巿西衛31~60號,180.13,,鄉村區,乙種建築用地,1021122,土地1建物1車位0,全,四層,透天厝,住家用,鋼筋混凝土造,0861202,369.56,11,2,7,有,無,12660000,34257,,0.0,0,,RPOOMLKKKIIFFAX68CA
馬公市,房地(土地+建物),澎湖縣馬公巿北辰街17巷1~30號,36.25,住,,,1021110,土地0建物1車位0,三層,五層,公寓(5樓含以下無電梯),國民住宅,鋼筋混凝土造,0730629,81.81,3,2,2,有,無,3500000,42782,,0.0,0,,RPTNMLOLKIIFFAX17EA
湖西鄉,土地,成功南段61~90地號,493.06,,一般農業區,農牧用地,1021205,土地1建物0車位0,,,其他,,,,0.0,0,0,0,有,無,1000000,2028,,0.0,0,,RPWNMLPLKIIFFAX37CA
西嶼鄉,土地,竹篙灣段1681~1710地號,994.0,,一般農業區,農牧用地,1021204,土地1建物0車位0,,,其他,,,,0.0,0,0,0,有,無,1200000,1207,,0.0,0,,RPTNMLMKKIIFFAX66CA
馬公市,土地,山水北段871~900地號,1194.89,,一般農業區,農牧用地,1021123,土地2建物0車位0,,,其他,,,,0.0,0,0,0,有,無,5415000,4532,,0.0,0,,RPUNMLMKKIIFFAX76CA
馬公市,土地,五福段241~270地號,295.63,,一般農業區,甲種建築用地,1021204,土地2建物0車位0,,,其他,,,,0.0,0,0,0,有,無,8600000,29090,,0.0,0,含未來房屋價款,RPPNMLQKKIIFFAX66CA
馬公市,土地,安宅段1171~1200地號,229.77,,一般農業區,甲種建築用地,1021204,土地2建物0車位0,,,其他,,,,0.0,0,0,0,有,無,7000000,30465,,0.0,0,變更起造人含未來興建房屋建築費用,RPTNMLNLKIIFFAX96DA
湖西鄉,土地,許家段151~180地號,30.1,,一般農業區,交通用地,1021203,土地2建物0車位0,,,其他,,,,0.0,0,0,0,有,無,130174,4325,,0.0,0,澎12號鄉道工程協議價購4324元/m2,RPXNMLSJJHJFFAX57DA
馬公市,土地,山水西段121~150地號,209.57,,一般農業區,農牧用地,1021127,土地1建物0車位0,,,其他,,,,0.0,0,0,0,有,無,375000,1789,,0.0,0,,RPXNMLNJJHJFFAX07DA
馬公市,土地,山水西段151~180地號,396.79,,一般農業區,農牧用地,1021127,土地1建物0車位0,,,其他,,,,0.0,0,0,0,有,無,1200000,3024,,0.0,0,,RPOOMLNJJHJFFAX88DA
馬公市,土地,山水西段121~150地號,192.74,,一般農業區,農牧用地,1021127,土地1建物0車位0,,,其他,,,,0.0,0,0,0,有,無,345000,1790,,0.0,0,,RPPOMLNJJHJFFAX98DA
湖西鄉,土地,許家段151~180地號,6.85,,一般農業區,交通用地,1021203,土地1建物0車位0,,,其他,,,,0.0,0,0,0,有,無,29602,4321,,0.0,0,澎12號鄉道工程協議價購4324元/M2,RPVNMLSJJHJFFAX47EA
馬公市,土地,東衛段511~540地號,80.02,,一般農業區,農牧用地,1021211,土地1建物0車位0,,,其他,,,,0.0,0,0,0,有,無,217900,2723,,0.0,0,,RPVNMLKMKIIFFAX96DA
馬公市,土地,東衛段151~180地號,56.1,,一般農業區,農牧用地,1021211,土地1建物0車位0,,,其他,,,,0.0,0,0,0,有,無,152764,2723,,0.0,0,,RPQNMLKMKIIFFAX09DA
馬公市,土地,文寮段721~750地號,638.76,,一般農業區,農牧用地,1021209,土地2建物0車位0,,,其他,,,,0.0,0,0,0,有,無,18620000,29150,,0.0,0,權利人三人交易總額含未來興建房屋價格,RPVNMLTJJHJFFAX47DA
馬公市,房地(土地+建物),澎湖縣馬公巿石泉1~30號,96.49,,鄉村區,乙種建築用地,1021204,土地2建物1車位0,全,五層,透天厝,住商用,鋼筋混凝土造,0820810,209.54,7,2,4,有,無,4250000,20283,,0.0,0,,RPXNMLPLKIIFFAX57DA
西嶼鄉,土地,外垵二段1321~1350地號,327.66,,鄉村區,乙種建築用地,1021106,土地1建物0車位0,,,其他,,,,0.0,0,0,0,有,無,524256,1600,,0.0,0,親友、員工或其他特殊關係間之交易。,RPQNMLQKKIIFFAX76CA
湖西鄉,土地,林投南段1261~1290地號,1923.68,,風景區,農牧用地,1021209,土地1建物0車位0,,,其他,,,,0.0,0,0,0,有,無,17457000,9075,,0.0,0,,RPVNMLMKKIIFFAX86CA
馬公市,土地,東衛段781~810地號,1905.76,,一般農業區,農牧用地,1021205,土地1建物0車位0,,,其他,,,,0.0,0,0,0,有,無,49000000,25712,,0.0,0,變更起造人，含未來興建房屋之費用。權利人數：7人。,RPUNMLNJJHJFFAX66CA
馬公市,土地,安宅段721~750地號,1572.12,,一般農業區,農牧用地,1021209,土地2建物0車位0,,,其他,,,,0.0,0,0,0,有,無,45200000,28751,,0.0,0,變更起造人，含未來興建房屋之費用。權利人數：6人。,RPWNMLNJJHJFFAX86CA
馬公市,房地(土地+建物)+車位,澎湖縣馬公巿貿商街121~150號,28.64,住,,,1021203,土地2建物1車位1,七層,十四層,住宅大樓(11層含以上有電梯),見其他登記事項,鋼筋混凝土造,0950710,176.07999999999998,3,1,2,有,有,2600000,14766,坡道平面,0.0,0,,RPTOMLNJJHJFFAX66CA
湖西鄉,土地,沙港北段391~420地號,274.51,,一般農業區,農牧用地,1021203,土地1建物0車位0,,,其他,,,,0.0,0,0,0,有,無,1660000,6047,,0.0,0,,RPPNMLTLKIIFFAX07CA
馬公市,土地,五福段271~300地號,189.59,,一般農業區,甲種建築用地,1021209,土地2建物0車位0,,,其他,,,,0.0,0,0,0,有,無,7080000,37344,,0.0,0,"農變建專案核准變更起造人,交易總價包括未興建房屋建築費用。",RPQNMLTLKIIFFAX17CA
馬公市,房地(土地+建物),澎湖縣馬公巿東文澳91~120號,68.19,,鄉村區,乙種建築用地,1021203,土地1建物1車位0,全,二層,透天厝,住家用,鋼筋混凝土加強磚造,0721118,97.4,3,1,2,有,無,2650000,27207,,0.0,0,,RPUNMLPLKIIFFAX17CA
馬公市,房地(土地+建物),澎湖縣馬公巿文山路1~30號,29.74,住,,,1021103,土地2建物1車位0,四層,八層,華廈(10層含以下有電梯),住家用,鋼筋混凝土造,0860628,104.95,3,2,2,有,無,4300000,40972,,0.0,0,,RPSNMLRKKIIFFAX17DA
馬公市,房地(土地+建物),澎湖縣馬公巿文山路358巷31~60號,54.73,住,,,1021121,土地2建物1車位0,四層，五層,五層,公寓(5樓含以下無電梯),住家用,鋼筋混凝土造,0801012,107.76,4,2,2,有,無,2600000,24128,,0.0,0,,RPPNMLTKKIIFFAX07DA
馬公市,土地,東衛段151~180地號,28.05,,一般農業區,農牧用地,1021211,土地1建物0車位0,,,其他,,,,0.0,0,0,0,有,無,76382,2723,,0.0,0,,RPTNMLKMKIIFFAX76DA
馬公市,土地,興仁段1561~1590地號,116.67,,鄉村區,乙種建築用地,1021211,土地1建物0車位0,,,其他,,,,0.0,0,0,0,有,無,300000,2571,,0.0,0,,RPWNMLKLKIIFFAX07EA
湖西鄉,土地,北寮新段1~30地號,240.56,,鄉村區,乙種建築用地,1021209,土地1建物0車位0,,,其他,,,,0.0,0,0,0,有,無,873000,3629,,0.0,0,,RPVNMLRLKIIFFAX57DA
馬公市,土地,東衛段151~180地號,28.05,,一般農業區,農牧用地,1021211,土地1建物0車位0,,,其他,,,,0.0,0,0,0,有,無,76382,2723,,0.0,0,,RPUNMLKMKIIFFAX86DA
馬公市,土地,東衛段151~180地號,56.1,,一般農業區,農牧用地,1021211,土地1建物0車位0,,,其他,,,,0.0,0,0,0,有,無,152764,2723,,0.0,0,,RPRNMLKMKIIFFAX56DA
馬公市,土地,興仁段61~90地號,71.57,,,,1021212,土地2建物0車位0,,,其他,,,,0.0,0,0,0,有,無,300000,4192,,0.0,0,,RPUNMLKLKIIFFAX76DA
白沙鄉,土地,竹篙灣段2851~2880地號,495.03,,一般農業區,農牧用地,1021202,土地2建物0車位0,,,其他,,,,0.0,0,0,0,有,無,1250000,2525,,0.0,0,,RPQNMLNKJHJFFAX98CA
馬公市,房地(土地+建物)+車位,澎湖縣馬公巿三多路331~360號,28.83,住,,,1021129,土地1建物1車位1,十一層,十四層,住宅大樓(11層含以上有電梯),見其他登記事項,鋼筋混凝土造,0950629,193.94,3,1,2,有,有,4080000,21037,坡道平面,0.0,0,,RPVNMLPLKIIFFAX27CA
湖西鄉,土地,東石新段211~240地號,997.12,,風景區,農牧用地,1021210,土地1建物0車位0,,,其他,,,,0.0,0,0,0,有,無,3600000,3610,,0.0,0,,RPSNMLTLKIIFFAX37CA
馬公市,土地,山水西段511~540地號,683.79,,一般農業區,農牧用地,1021209,土地1建物0車位0,,,其他,,,,0.0,0,0,0,有,無,1520000,2223,,0.0,0,,RPRNMLRKKIIFFAX96CA
馬公市,土地,國宅段31~60地號,887.56,,一般農業區,農牧用地,1021010,土地2建物0車位0,,,其他,,,,0.0,0,0,0,有,無,3000000,3380,,0.0,0,,RPPOMLPLKIIFFAX76CA
馬公市,土地,山水北段721~750地號,1240.02,,一般農業區,農牧用地,1021204,土地1建物0車位0,,,其他,,,,0.0,0,0,0,有,無,3000000,2419,,0.0,0,,RPTNMLNJJHJFFAX56CA
馬公市,土地,鐵線段1351~1380地號,645.31,,一般農業區,農牧用地,1021122,土地1建物0車位0,,,其他,,,,0.0,0,0,0,有,無,585630,908,,0.0,0,,RPTNMLRJJHJFFAX96CA
馬公市,房地(土地+建物),澎湖縣馬公巿菜園1~30號,158.22,,鄉村區,乙種建築用地,1021203,土地1建物1車位0,全,三層,透天厝,住家用,鋼筋混凝土造,0960201,294.21,8,1,9,有,無,15500000,52683,,0.0,0,,RPUNMLRJJHJFFAX07CA
馬公市,房地(土地+建物)+車位,澎湖縣馬公巿菜園1~30號,178.89,,鄉村區,乙種建築用地,1021203,土地1建物1車位0,全,三層,透天厝,住家用,鋼筋混凝土造,0960201,294.21,7,2,8,有,無,15500000,52683,一樓平面,0.0,0,,SPUNMLRJJHJFFAX17CA
馬公市,土地,五福段541~570地號,3395.42,,一般農業區,農牧用地,1021202,土地4建物0車位0,,,其他,,,,0.0,0,0,0,有,無,30000000,8835,,0.0,0,,RPRNMLTLKIIFFAX27CA
望安鄉,土地,望安段421~450地號,71.0,,鄉村區,乙種建築用地,1021206,土地1建物0車位0,,,其他,,,,0.0,0,0,0,有,無,700000,9859,,0.0,0,,RPRNMLNLKIIFFAX66CA
湖西鄉,土地,尖山南段331~360地號,681.34,,一般農業區,農牧用地,1021204,土地2建物0車位0,,,其他,,,,0.0,0,0,0,有,無,1442700,2117,,0.0,0,,RPTNMLTLKIIFFAX47CA
白沙鄉,土地,下瓦硐段1111~1140地號,335.1,,,,1021211,土地1建物0車位0,,,其他,,,,0.0,0,0,0,有,無,785000,2343,,0.0,0,,RPUNMLTLKIIFFAX57CA
白沙鄉,土地,中屯段901~930地號,1043.0,,一般農業區,農牧用地,1021109,土地1建物0車位0,,,其他,,,,0.0,0,0,0,有,無,2207000,2116,,0.0,0,,RPOOMLPLKIIFFAX66CA
馬公市,土地,東衛段151~180地號,56.1,,一般農業區,農牧用地,1021211,土地1建物0車位0,,,其他,,,,0.0,0,0,0,有,無,152764,2723,,0.0,0,,RPSNMLKMKIIFFAX66DA
馬公市,土地,興仁段61~90地號,71.57,,,,1021212,土地2建物0車位0,,,其他,,,,0.0,0,0,0,有,無,300000,4192,,0.0,0,,RPVNMLKLKIIFFAX96EA
馬公市,土地,鐵線段601~630地號,19.81,,一般農業區,水利用地,1021205,土地1建物0車位0,,,其他,,,,0.0,0,0,0,有,無,153923,7770,,0.0,0,,RPQNMLKLKIIFFAX98DA
湖西鄉,土地,林投北段331~360地號,64.58,,鄉村區,乙種建築用地,1021203,土地1建物0車位0,,,其他,,,,0.0,0,0,0,有,無,271236,4200,,0.0,0,向政府機關承購之案件。,RPQNMLRLKIIFFAX96CA
馬公市,土地,山水北段601~630地號,76.49,,鄉村區,乙種建築用地,1021209,土地1建物0車位0,,,其他,,,,0.0,0,0,0,有,無,1000000,13074,,0.0,0,親友、員工或其他特殊關係間之交易。,RPRNMLPLKIIFFAX86CA
馬公市,土地,安宅段1021~1050地號,1053.48,,一般農業區,農牧用地,1021211,土地1建物0車位0,,,其他,,,,0.0,0,0,0,有,無,1600000,1519,,0.0,0,,RPTNMLKLKIIFFAX56CA
望安鄉,土地,望安段391~420地號,252.0,,鄉村區,乙種建築用地,1021212,土地1建物0車位0,,,其他,,,,0.0,0,0,0,有,無,1500000,5952,,0.0,0,,RPVNMLNLKIIFFAX07CA
馬公市,土地,山水東段211~240地號,209.14,,一般農業區,農牧用地,1021206,土地1建物0車位0,,,其他,,,,0.0,0,0,0,有,無,750000,3586,,0.0,0,,RPPNMLPLKIIFFAX66CA
馬公市,土地,鐵線段1201~1230地號,1579.07,,一般農業區,農牧用地,1021212,土地2建物0車位0,,,其他,,,,0.0,0,0,0,有,無,2950000,1868,,0.0,0,,RPOOMLLMKIIFFAX98CA
馬公市,房地(土地+建物),澎湖縣馬公巿西文澳211~240號,89.05,,一般農業區,甲種建築用地,1021207,土地1建物1車位0,全,三層,透天厝,住家用,鋼筋混凝土加強磚造,0710106,109.15,3,2,2,有,無,3360000,30783,,0.0,0,,RPSOMLNJJHJFFAX56CA
湖西鄉,土地,潭邊新段481~510地號,401.14,,一般農業區,農牧用地,1021213,土地2建物0車位0,,,其他,,,,0.0,0,0,0,有,無,1310000,3266,,0.0,0,,RPRNMLTJJHJFFAX96CA
湖西鄉,土地,潭邊新段481~510地號,155.43,,一般農業區,甲種建築用地,1021213,土地1建物0車位0,,,其他,,,,0.0,0,0,0,有,無,470000,3024,,0.0,0,,RPSNMLTJJHJFFAX07CA
湖西鄉,土地,許家段1051~1080地號,2953.1,,一般農業區,農牧用地,1021129,土地1建物0車位0,,,其他,,,,0.0,0,0,0,有,無,9826000,3327,,0.0,0,,RPQNMLPLKIIFFAX76CA
馬公市,房地(土地+建物),澎湖縣馬公巿中華路31~60號,18.28,住,,,1021211,土地4建物1車位0,六層,七層,華廈(10層含以下有電梯),住家用,鋼筋混凝土造,0830421,104.63000000000001,2,1,1,有,無,3800000,36318,,0.0,0,,RPXNMLNLKIIFFAX27CA
湖西鄉,土地,許家段631~660地號,1530.68,,一般農業區,農牧用地,1021204,土地3建物0車位0,,,其他,,,,0.0,0,0,0,有,無,3370000,2202,,0.0,0,,RPVNMLTLKIIFFAX67CA
湖西鄉,土地,許家段631~660地號,1530.68,,一般農業區,農牧用地,1021211,土地3建物0車位0,,,其他,,,,0.0,0,0,0,有,無,3528000,2305,,0.0,0,,RPWNMLTLKIIFFAX77CA
馬公市,土地,北極段451~480地號,1608.93,,一般農業區,農牧用地,1021216,土地1建物0車位0,,,其他,,,,0.0,0,0,0,有,無,1600000,994,,0.0,0,,RPWNMLNLKIIFFAX27DA
馬公市,土地,東澳段631~660地號,665.15,其他,,,1021213,土地3建物0車位0,,,其他,,,,0.0,0,0,0,有,無,7981800,12000,,0.0,0,,RPXNMLQLKIIFFAX67DA
馬公市,土地,埕東段781~810地號,112.78,住,,,1021217,土地1建物0車位0,,,其他,,,,0.0,0,0,0,有,無,2255600,20000,,0.0,0,親友、員工或其他特殊關係間之交易。,RPRNMLMLJHJFFAX66EA
湖西鄉,土地,葉新段1471~1500地號,360.3,,一般農業區,農牧用地,1021213,土地2建物0車位0,,,其他,,,,0.0,0,0,0,有,無,654000,1815,,0.0,0,,RPWNMLKMKIIFFAX07DA
馬公市,土地,興崁段1051~1080地號,1670.59,,一般農業區,農牧用地,1021216,土地1建物0車位0,,,其他,,,,0.0,0,0,0,有,無,12680000,7590,,0.0,0,,RPRNMLRJJHJFFAX86DA
馬公市,土地,烏崁新段511~540地號,863.13,,一般農業區,農牧用地,1021212,土地1建物0車位0,,,其他,,,,0.0,0,0,0,有,無,913500,1058,,0.0,0,,RPSNMLQLKIIFFAX17DA
馬公市,土地,五福段511~540地號,1213.9,,一般農業區,農牧用地,1021213,土地1建物0車位0,,,其他,,,,0.0,0,0,0,有,無,53260000,43875,,0.0,0,變更起造人，含未來興建房屋之費用。權利人數：6人。,RPQNMLKKJHJFFAX68CA
馬公市,房地(土地+建物),澎湖縣馬公巿光復路162巷1~30號,98.53,住,,,1021212,土地1建物1車位0,全,二層,透天厝,住家用,鋼筋混凝土加強磚造,0780524,144.4,4,1,3,有,無,7000000,48476,,0.0,0,,RPQNMLSJJHJFFAX76CA
馬公市,土地,五福段541~570地號,708.5,,一般農業區,農牧用地,1021219,土地1建物0車位0,,,其他,,,,0.0,0,0,0,有,無,21600000,30487,,0.0,0,"農變建專案核准,交易總價包括未興建房屋建築費用。共有人2人",RPUNMLRKJHJFFAX17CA
馬公市,土地,興仁南段121~150地號,1271.0,,風景區,農牧用地,1021210,土地1建物0車位0,,,其他,,,,0.0,0,0,0,有,無,3100000,2439,,0.0,0,,RPSNMLNJJHJFFAX09CA
白沙鄉,土地,下瓦硐段1081~1110地號,768.1,,,,1021217,土地2建物0車位0,,,其他,,,,0.0,0,0,0,有,無,1740000,2265,,0.0,0,,RPQOMLNJJHJFFAX98CA
馬公市,土地,光榮段271~300地號,811.17,其他,,,1021212,土地1建物0車位0,,,其他,,,,0.0,0,0,0,有,無,13000000,16026,,0.0,0,,RPPNMLRLKIIFFAX96DA
白沙鄉,土地,城前段571~600地號,466.0,,風景區,農牧用地,1021212,土地1建物0車位0,,,其他,,,,0.0,0,0,0,有,無,660000,1416,,0.0,0,向政府機關承購之案件。,RPUNMLQLKIIFFAX47EA
馬公市,土地,西澳段271~300地號,176.13,住,,,1021118,土地2建物0車位0,,,其他,,,,0.0,0,0,0,有,無,4748800,26962,,0.0,0,向政府機關承購之案件。,RPPNMLLLJHJFFAX98EA
湖西鄉,土地,林投南段811~840地號,227.39,,一般農業區,農牧用地,1021220,土地1建物0車位0,,,其他,,,,0.0,0,0,0,有,無,800000,3518,,0.0,0,親友、員工或其他特殊關係間之交易。,RPRNMLRLKIIFFAX17DA
馬公市,房地(土地+建物),澎湖縣馬公巿陽明路98巷1~30號,89.28,住,,,1021206,土地1建物1車位0,全,三層,透天厝,住商用,鋼筋混凝土加強磚造,0660505,133.94,3,2,3,有,無,5500000,41063,,0.0,0,,RPVNMLQLKIIFFAX47DA
馬公市,房地(土地+建物)+車位,澎湖縣馬公巿貿商街121~150號,30.6,住,,,1021210,土地2建物1車位1,十三層,十四層,住宅大樓(11層含以上有電梯),見其他登記事項,鋼筋混凝土造,0950710,188.19,3,2,2,有,有,3800000,20192,坡道平面,0.0,0,,RPRNMLNJJHJFFAX98CA
馬公市,土地,六合段421~450地號,1485.77,,一般農業區,農牧用地,1021210,土地1建物0車位0,,,其他,,,,0.0,0,0,0,有,無,70620000,47531,,0.0,0,"買方7人。農變建專案核准,交易總價包括未興建房屋建築費用。",RPXNMLTLKIIFFAX87CA
馬公市,土地,春暉段151~180地號,73.99,其他,,,1021213,土地1建物0車位0,,,其他,,,,0.0,0,0,0,有,無,947000,12799,,0.0,0,包含公共設施保留地之交易。,RPTNMLRLKIIFFAX27CA
馬公市,土地,埕西段601~630地號,136.47,其他,,,1021213,土地1建物0車位0,,,其他,,,,0.0,0,0,0,有,無,2592100,18994,,0.0,0,包含公共設施保留地之交易。,RPUNMLRLKIIFFAX37CA
馬公市,房地(土地+建物),澎湖縣馬公巿文光路61~90號,314.52,商,,,1021029,土地3建物1車位0,全,二層,透天厝,住家用,鋼筋混凝土加強磚造,0641110,154.0,3,2,2,有,無,17125000,111201,,0.0,0,,RPWNMLQLKIIFFAX47CA
馬公市,房地(土地+建物),澎湖縣馬公巿朝陽路61~90號,33.69,住,,,1021125,土地4建物1車位0,一層,七層,華廈(10層含以下有電梯),住商用,鋼筋混凝土造,0830509,226.17,5,0,3,有,有,6360000,28120,,0.0,0,,RPPOMLTLKIIFFAX17CA
馬公市,房地(土地+建物),澎湖縣馬公巿文光路東一橫巷1~30號,73.03,住,,,1021221,土地1建物1車位0,全,二層,透天厝,住家用,鋼筋混凝土加強磚造,0670510,81.02,3,1,2,有,無,3450000,42582,,0.0,0,,RPSNMLQJJHJFFAX76CA
馬公市,房地(土地+建物),澎湖縣馬公巿信義路33巷1~30號,56.0,住,,,1021219,土地2建物1車位0,全,二層,透天厝,住家用,見其他登記事項,0580414,94.6,4,2,2,有,無,3800000,40169,,0.0,0,,RPSNMLRLKIIFFAX27DA
望安鄉,土地,水垵段2041~2070地號,194.0,,鄉村區,乙種建築用地,1021210,土地1建物0車位0,,,其他,,,,0.0,0,0,0,有,無,250000,1289,,0.0,0,,RPQNMLNLJHJFFAX09CA
馬公市,土地,五德西段451~480地號,446.94,,一般農業區,農牧用地,1021225,土地1建物0車位0,,,其他,,,,0.0,0,0,0,有,無,1260000,2819,,0.0,0,,RPPNMLRJJHJFFAX56CA
馬公市,土地,興仁段871~900地號,132.3,,一般農業區,農牧用地,1021220,土地1建物0車位0,,,其他,,,,0.0,0,0,0,有,無,400000,3023,,0.0,0,,RPOOMLKMKIIFFAX98DA
馬公市,房地(土地+建物),澎湖縣馬公巿中正路31~60號,95.0,商,,,1021106,土地1建物1車位0,全,四層,透天厝,住商用,鋼筋混凝土加強磚造,0600210,269.93,6,1,3,有,無,42000000,155596,,0.0,0,,RPPOMLKMKIIFFAX09DA
馬公市,土地,烏崁新段1711~1740地號,761.05,,一般農業區,農牧用地,1021225,土地1建物0車位0,,,其他,,,,0.0,0,0,0,有,無,800000,1051,,0.0,0,,RPPNMLLMKIIFFAX09DA
馬公市,房地(土地+建物),澎湖縣馬公巿光榮里文光路33巷1~30號,93.73,住,,,1021205,土地1建物1車位0,全,三層,透天厝,住家用,鋼筋混凝土造,1021106,210.77,5,2,5,有,無,7500000,35584,,0.0,0,,RPPNMLNJJHJFFAX88DA
西嶼鄉,土地,二崁北段61~90地號,747.01,,一般農業區,農牧用地,1021203,土地1建物0車位0,,,其他,,,,0.0,0,0,0,有,無,881400,1180,,0.0,0,受債權債務影響或債務抵償之交易。,RPWNMLRJJHJFFAX27CA
馬公市,土地,四維段571~600地號,238.45,,一般農業區,甲種建築用地,1021218,土地2建物0車位0,,,其他,,,,0.0,0,0,0,有,無,8360000,35060,,0.0,0,"農變建專案核准變更起造人,交易總價包括未興建房屋建築費用。",RPWNMLTJJHJFFAX47CA
馬公市,土地,東衛段991~1020地號,543.56,,一般農業區,農牧用地,1021219,土地1建物0車位0,,,其他,,,,0.0,0,0,0,有,無,2145000,3946,,0.0,0,,RPQOMLTLKIIFFAX27CA
白沙鄉,土地,赤崁南段241~270地號,271.83,,一般農業區,甲種建築用地,1021218,土地2建物0車位0,,,其他,,,,0.0,0,0,0,有,無,6000000,22073,,0.0,0,"農變建專案核准變更起造人,交易總價包括未興建房屋建築費用。",RPROMLTLKIIFFAX37CA
西嶼鄉,土地,小池角段2071~2100地號,1135.0,,一般農業區,農牧用地,1021223,土地1建物0車位0,,,其他,,,,0.0,0,0,0,有,無,1880000,1656,,0.0,0,,RPPNMLKMKIIFFAX09EA
馬公市,土地,烏崁新段31~60地號,1679.35,,一般農業區,農牧用地,1021125,土地1建物0車位0,,,其他,,,,0.0,0,0,0,有,無,2900000,1727,,0.0,0,,RPXNMLLMKIIFFAX17CA
馬公市,土地,雙湖段61~90地號,1334.13,,一般農業區,農牧用地,1021105,土地1建物0車位0,,,其他,,,,0.0,0,0,0,有,無,17600000,13192,,0.0,0,,RPXNMLTJJHJFFAX57CA
馬公市,土地,安宅段91~120地號,1644.25,,一般農業區,農牧用地,1021220,土地1建物0車位0,,,其他,,,,0.0,0,0,0,有,無,4550000,2767,,0.0,0,"賣方賣清價,共有人2人",RPOOMLTJJHJFFAX76CA
湖西鄉,土地,成功南段601~630地號,1030.3,,一般農業區,農牧用地,1021224,土地1建物0車位0,,,其他,,,,0.0,0,0,0,有,無,1589500,1543,,0.0,0,,RPSNMLSJJHJFFAX07DA
馬公市,土地,安宅段1021~1050地號,1053.48,,一般農業區,農牧用地,1021219,土地1建物0車位0,,,其他,,,,0.0,0,0,0,有,無,2880000,2734,,0.0,0,,RPPNMLOLJHJFFAX09CA
湖西鄉,土地,成功南段361~390地號,480.26,,一般農業區,農牧用地,1021220,土地1建物0車位0,,,其他,,,,0.0,0,0,0,有,無,800000,1666,,0.0,0,,RPQOMLTJJHJFFAX96CA
湖西鄉,土地,湖西北段331~360地號,2629.45,,一般農業區,農牧用地,1021215,土地17建物0車位0,,,其他,,,,0.0,0,0,0,有,無,1820900,693,,0.0,0,親友、員工或其他特殊關係間之交易。賣方賣清價,RPROMLTJJHJFFAX07CA
馬公市,土地,興仁段1021~1050地號,67.5,,一般農業區,農牧用地,1021220,土地1建物0車位0,,,其他,,,,0.0,0,0,0,有,無,245000,3630,,0.0,0,親友、員工或其他特殊關係間之交易。,RPRNMLQJJHJFFAX66CA
馬公市,房地(土地+建物),澎湖縣馬公巿文昌街4巷1~30號,80.48,住,,,1021217,土地1建物1車位0,全,二層,透天厝,住家用,鋼筋混凝土加強磚造,0670330,77.88,3,1,1,有,無,5200000,66769,,0.0,0,,RPPNMLQJJHJFFAX09CA
馬公市,房地(土地+建物),澎湖縣馬公巿六合路41巷1~30號,86.34,住,,,1021219,土地1建物1車位0,全,二層,透天厝,住家用,鋼筋混凝土加強磚造,0700413,89.68,3,1,2,有,無,2800000,31222,,0.0,0,親友、員工或其他特殊關係間之交易。,RPUOMLNJJHJFFAX76CA
馬公市,房地(土地+建物),澎湖縣馬公巿東衛91~120號,104.34,,鄉村區,乙種建築用地,1021223,土地1建物1車位0,全,三層,透天厝,住家用,鋼筋混凝土造,0810701,175.35,7,0,4,有,無,3600000,20530,,0.0,0,,RPROMLNJJHJFFAX09CA
馬公市,土地,東衛段781~810地號,511.32,,一般農業區,農牧用地,1021230,土地1建物0車位0,,,其他,,,,0.0,0,0,0,有,無,14000000,27380,,0.0,0,變更起造人，含未來興建房屋之費用。權利人數：2人。,RPTNMLQJJHJFFAX86CA
馬公市,土地,興仁段871~900地號,363.99,,一般農業區,農牧用地,1021226,土地1建物0車位0,,,其他,,,,0.0,0,0,0,有,無,760000,2088,,0.0,0,,RPUNMLQJJHJFFAX96CA
西嶼鄉,土地,竹篙灣段2131~2160地號,1362.0,,一般農業區,農牧用地,1021130,土地1建物0車位0,,,其他,,,,0.0,0,0,0,有,無,2600000,1909,,0.0,0,,RPPNMLTJJHJFFAX76CA
湖西鄉,土地,沙港北段241~270地號,41.07,,鄉村區,乙種建築用地,1021224,土地1建物0車位0,,,其他,,,,0.0,0,0,0,有,無,62000,1510,,0.0,0,,RPVNMLRKJHJFFAX27CA
馬公市,土地,中衛段601~630地號,41.4,農,,,1021227,土地2建物0車位0,,,其他,,,,0.0,0,0,0,有,無,1000000,24155,,0.0,0,,RPRNMLOKJHJFFAX66DA
白沙鄉,土地,城前段241~270地號,1503.0,,風景區,農牧用地,1030102,土地1建物0車位0,,,其他,,,,0.0,0,0,0,有,無,12270000,8164,,0.0,0,,RPRNMLSJJHJFFAX96DA
馬公市,土地,四維段181~210地號,2653.06,,一般農業區,農牧用地,1021226,土地1建物0車位0,,,其他,,,,0.0,0,0,0,有,無,148200000,55860,,0.0,0,"農變建專案核准,交易總價包括未興建房屋建築費用。共有人14人",RPQNMLOLJHJFFAX56CA
馬公市,土地,文石段181~210地號,50.31,,,,1021224,土地1建物0車位0,,,其他,,,,0.0,0,0,0,有,無,769239,15290,,0.0,0,,RPRNMLOLJHJFFAX66CA
馬公市,土地,山水南段541~570地號,420.93,,鄉村區,乙種建築用地,1021226,土地1建物0車位0,,,其他,,,,0.0,0,0,0,有,無,5500000,13066,,0.0,0,,RPQNMLQJJHJFFAX56CA
馬公市,土地,虎井段1141~1170地號,61.0,,鄉村區,乙種建築用地,1021211,土地1建物0車位0,,,其他,,,,0.0,0,0,0,有,無,108580,1780,,0.0,0,向政府機關承購之案件。,RPQNMLRJJHJFFAX86EA
馬公市,土地,文寮段571~600地號,2462.52,,一般農業區,農牧用地,1021216,土地1建物0車位0,,,其他,,,,0.0,0,0,0,有,無,14898000,6050,,0.0,0,,RPSNMLRJJHJFFAX86CA
馬公市,土地,四維段1141~1170地號,338.18,農,,,1021226,土地1建物0車位0,,,其他,,,,0.0,0,0,0,有,無,3156500,9334,,0.0,0,,RPRNMLPKJHJFFAX66CA
白沙鄉,土地,鎮海段181~210地號,51.67,,鄉村區,乙種建築用地,1021220,土地2建物0車位0,,,其他,,,,0.0,0,0,0,有,無,150000,2903,,0.0,0,,RPWNMLPKJHJFFAX17CA
馬公市,土地,興崁段871~900地號,2278.3,,一般農業區,農牧用地,1021224,土地1建物0車位0,,,其他,,,,0.0,0,0,0,有,無,55180000,24220,,0.0,0,含未來興建房屋10戶之價款,RPPNMLKLJHJFFAX78DA
馬公市,土地,文寮段361~390地號,2426.02,,一般農業區,農牧用地,1021230,土地1建物0車位0,,,其他,,,,0.0,0,0,0,有,無,11740000,4839,,0.0,0,,RPVNMLSJJHJFFAX37DA
馬公市,土地,文寮段721~750地號,201.39,,一般農業區,甲種建築用地,1021217,土地2建物0車位0,,,其他,,,,0.0,0,0,0,有,無,5960000,29594,,0.0,0,交易總價包含未來興建房屋價格,RPUNMLTJJHJFFAX37DA
馬公市,土地,五福段541~570地號,2134.99,,一般農業區,農牧用地,1021231,土地1建物0車位0,,,其他,,,,0.0,0,0,0,有,無,84300000,39485,,0.0,0,"農變建專案核准,交易總價包括未興建房屋建築費用。共有人10人",RPSNMLOLJHJFFAX76CA
馬公市,房地(土地+建物),澎湖縣馬公巿光復路148巷1~30號,28.74,住,,,1021213,土地2建物1車位0,二層,七層,華廈(10層含以下有電梯),住家用,鋼筋混凝土造,0830303,159.78,3,2,2,有,有,4800000,30041,,0.0,0,,RPPNMLSLJHJFFAX86CA
馬公市,房地(土地+建物),澎湖縣馬公巿海埔路41巷1~30號,40.0,商,,,1021230,土地2建物1車位0,全,三層,透天厝,住商用,鋼筋混凝土加強磚造,0620820,93.7,3,2,2,有,無,4700000,50160,,0.0,0,,RPUNMLRLJHJFFAX27CA
馬公市,土地,埕中段481~510地號,132.25,住,,,1021210,土地1建物0車位0,,,其他,,,,0.0,0,0,0,有,無,14500000,109641,,0.0,0,,RPPNMLKKJHJFFAX58CA
湖西鄉,土地,城北段301~330地號,1484.49,,一般農業區,農牧用地,1021230,土地1建物0車位0,,,其他,,,,0.0,0,0,0,有,無,4939000,3327,,0.0,0,,RPQNMLSLJHJFFAX96CA
馬公市,土地,鐵線段361~390地號,1840.68,,一般農業區,農牧用地,1021225,土地1建物0車位0,,,其他,,,,0.0,0,0,0,有,無,7230000,3928,,0.0,0,,RPOOMLSJJHJFFAX66CA
馬公市,房地(土地+建物),澎湖縣馬公巿石泉里石泉1~30號,121.92,,一般農業區,甲種建築用地,1021223,土地2建物1車位0,全,三層,透天厝,住家用,鋼筋混凝土造,0880104,204.29,4,1,3,有,無,5000000,24475,,0.0,0,,RPTNMLOKJHJFFAX86DA
白沙鄉,土地,瓦硐段931~960地號,936.0,,一般農業區,農牧用地,1021230,土地2建物0車位0,,,其他,,,,0.0,0,0,0,有,無,2060000,2201,,0.0,0,,RPQNMLPKJHJFFAX66DA
馬公市,房地(土地+建物),澎湖縣馬公巿西衛里五福路61~90號,154.41,,一般農業區,甲種建築用地,1021224,土地2建物1車位0,全,三層,透天厝,住家用,鋼筋混凝土造,0860623,179.77,3,2,3,有,無,5260000,29260,,0.0,0,,RPTNMLKKJHJFFAX09DA
馬公市,土地,五福段901~930地號,376.69,,鄉村區,乙種建築用地,1021230,土地2建物0車位0,,,其他,,,,0.0,0,0,0,有,無,7636000,20271,,0.0,0,,RPSNMLKKJHJFFAX88CA
白沙鄉,土地,後寮段601~630地號,3584.0,,一般農業區,農牧用地,1021129,土地7建物0車位0,,,其他,,,,0.0,0,0,0,有,無,2926800,817,,0.0,0,,RPVNMLOKJHJFFAX96CA
馬公市,土地,五福段121~150地號,239.08,,一般農業區,甲種建築用地,1021230,土地3建物0車位0,,,其他,,,,0.0,0,0,0,有,無,8000000,33462,,0.0,0,"農變建專案核准變更起造人,交易總價包括未興建房屋建築費用。",RPRNMLSLJHJFFAX07CA
馬公市,土地,國宅段271~300地號,58.53,住,,,1021226,土地1建物0車位0,,,其他,,,,0.0,0,0,0,有,無,330000,5638,,0.0,0,,RPSNMLSLJHJFFAX17CA
馬公市,土地,馬公段1831~1860地號,133.0,住,,,1030103,土地1建物0車位0,,,其他,,,,0.0,0,0,0,有,無,10000000,75188,,0.0,0,,RPTNMLSLJHJFFAX27CA
馬公市,土地,馬公段1831~1860地號,100.0,住,,,1030103,土地1建物0車位0,,,其他,,,,0.0,0,0,0,有,無,7500000,75000,,0.0,0,,RPUNMLSLJHJFFAX37CA
湖西鄉,土地,林投北段871~900地號,2348.54,,一般農業區,農牧用地,1021230,土地1建物0車位0,,,其他,,,,0.0,0,0,0,有,無,3500000,1490,,0.0,0,,RPVNMLSLJHJFFAX47CA
湖西鄉,土地,紅羅段1801~1830地號,679.24,,一般農業區,農牧用地,1030106,土地1建物0車位0,,,其他,,,,0.0,0,0,0,有,無,800000,1178,,0.0,0,,RPPNMLRLJHJFFAX76CA
馬公市,土地,五福段91~120地號,1000.21,,一般農業區,農牧用地,1030102,土地1建物0車位0,,,其他,,,,0.0,0,0,0,有,無,12080000,12077,,0.0,0,,RPTNMLNKJHJFFAX66CA
馬公市,土地,東衛段331~360地號,1232.15,,一般農業區,農牧用地,1021203,土地1建物0車位0,,,其他,,,,0.0,0,0,0,有,無,6680000,5421,,0.0,0,,RPUNMLOKJHJFFAX86CA
湖西鄉,土地,龍門南段901~930地號,1038.41,,一般農業區,農牧用地,1021211,土地1建物0車位0,,,其他,,,,0.0,0,0,0,有,無,5339000,5142,,0.0,0,,RPXNMLOKJHJFFAX17CA
馬公市,土地,五福段811~840地號,387.74,,一般農業區,農牧用地,1030102,土地2建物0車位0,,,其他,,,,0.0,0,0,0,有,無,4380000,11296,,0.0,0,,RPOOMLOKJHJFFAX98CA
馬公市,土地,南澳段1~30地號,274.69,商,,,1030107,土地2建物0車位0,,,其他,,,,0.0,0,0,0,有,無,30086000,109527,,0.0,0,,RPPNMLPKJHJFFAX09CA
湖西鄉,土地,湖東新段571~600地號,873.0,,一般農業區,農牧用地,1021230,土地1建物0車位0,,,其他,,,,0.0,0,0,0,有,無,792000,907,,0.0,0,,RPRNMLNKJHJFFAX09CA
馬公市,土地,東澳段1171~1200地號,110.77,其他,,,1021220,土地3建物0車位0,,,其他,,,,0.0,0,0,0,有,無,670000,6049,,0.0,0,包含公共設施保留地之交易。,RPRNMLNLJHJFFAX56CA
馬公市,土地,烏崁新段61~90地號,615.44,,一般農業區,農牧用地,1021230,土地1建物0車位0,,,其他,,,,0.0,0,0,0,有,無,925000,1503,,0.0,0,親友、員工或其他特殊關係間之交易。,RPOOMLOLJHJFFAX66EA
白沙鄉,土地,下瓦硐段1141~1170地號,708.42,,一般農業區,農牧用地,1021227,土地1建物0車位0,,,其他,,,,0.0,0,0,0,有,無,1800000,2541,,0.0,0,,RPXOMLSLJHJFFAX87DA
湖西鄉,土地,城北段1051~1080地號,1513.05,,一般農業區,農牧用地,1021231,土地1建物0車位0,,,其他,,,,0.0,0,0,0,有,無,1134788,750,,0.0,0,,RPTNMLNLJHJFFAX86DA
西嶼鄉,土地,合界頭段361~390地號,403.65,,鄉村區,乙種建築用地,1021217,土地2建物0車位0,,,其他,,,,0.0,0,0,0,有,無,1343127,3327,,0.0,0,親友、員工或其他特殊關係間之交易。買賣契約書6份,RPVNMLNLJHJFFAX96CA
馬公市,房地(土地+建物),澎湖縣馬公巿朝陽里文昌街1~30號,90.34,住,,,1021229,土地1建物1車位0,全,一層,透天厝,住家用,見其他登記事項,,46.0,2,1,1,有,無,1809500,39337,,0.0,0,親友、員工或其他特殊關係間之交易。,RPUNMLMLJHJFFAX76CA
湖西鄉,土地,沙港北段181~210地號,790.29,,一般農業區,農牧用地,1021115,土地2建物0車位0,,,其他,,,,0.0,0,0,0,有,無,8600000,10882,,0.0,0,,RPPNMLQKJHJFFAX56CA
湖西鄉,土地,中西段31~60地號,179.09,,一般農業區,農牧用地,1021230,土地1建物0車位0,,,其他,,,,0.0,0,0,0,有,無,650000,3629,,0.0,0,,RPSNMLNKJHJFFAX56CA
湖西鄉,土地,沙港北段511~540地號,522.97,,一般農業區,農牧用地,1021231,土地2建物0車位0,,,其他,,,,0.0,0,0,0,有,無,2800000,5354,,0.0,0,,RPWNMLOKJHJFFAX07CA
馬公市,土地,五福段151~180地號,569.06,,一般農業區,農牧用地,1021125,土地1建物0車位0,,,其他,,,,0.0,0,0,0,有,無,4600000,8084,,0.0,0,,RPWNMLSLJHJFFAX57CA
馬公市,土地,四維段541~570地號,237.75,農,,,1021228,土地3建物0車位0,,,其他,,,,0.0,0,0,0,有,無,3400000,14301,,0.0,0,,RPSNMLKKKHJFFAX98CA
馬公市,土地,南澳段91~120地號,244.75,商,,,1030103,土地1建物0車位0,,,其他,,,,0.0,0,0,0,有,無,16994363,69436,,0.0,0,,RPUNMLPKJHJFFAX07DA
馬公市,房地(土地+建物),澎湖縣馬公巿光復路61~90號,36.25,住,,,1021226,土地1建物1車位0,二層,五層,華廈(10層含以下有電梯),國民住宅,鋼筋混凝土造,0730629,82.42,3,2,2,有,無,3600000,43679,,0.0,0,,RPSNMLOKJHJFFAX76DA
白沙鄉,土地,鳥嶼段211~240地號,40.0,,一般農業區,農牧用地,1021222,土地1建物0車位0,,,其他,,,,0.0,0,0,0,有,無,22000,550,,0.0,0,親友間之交易。,RPXNMLPKJHJFFAX37DA
湖西鄉,土地,沙港南段331~360地號,578.09,,森林區,殯葬用地,1021227,土地4建物0車位0,,,其他,,,,0.0,0,0,0,有,無,600000,1038,,0.0,0,,RPXNMLSLJHJFFAX67CA
馬公市,土地,五福段61~90地號,392.7,,一般農業區,農牧用地,1021231,土地2建物0車位0,,,其他,,,,0.0,0,0,0,有,無,1500000,3820,,0.0,0,,RPOOMLPKJHJFFAX09CA
馬公市,土地,五福段301~330地號,147.93,,一般農業區,農牧用地,1021229,土地1建物0車位0,,,其他,,,,0.0,0,0,0,有,無,1092500,7385,,0.0,0,,RPOPMLSLJHJFFAX07DA
馬公市,房地(土地+建物)+車位,澎湖縣馬公巿文光路61~90號,12.54,其他,,,1021226,土地10建物1車位1,七層,十層,華廈(10層含以下有電梯),住家用,鋼筋混凝土造,0870723,129.82999999999998,3,2,2,有,有,2400000,18486,坡道平面,0.0,0,親友、員工或其他特殊關係間之交易。,RPQNMLTLJHJFFAX17DA
馬公市,土地,東衛段151~180地號,14.03,,一般農業區,農牧用地,1021211,土地1建物0車位0,,,其他,,,,0.0,0,0,0,有,無,38191,2722,,0.0,0,,RPRNMLRJKHJFFAX96DA
湖西鄉,土地,湖東新段721~750地號,1394.68,,一般農業區,農牧用地,1021230,土地3建物0車位0,,,其他,,,,0.0,0,0,0,有,無,2500000,1793,,0.0,0,,RPPNMLRKJHJFFAX66CA
馬公市,土地,南澳段1~30地號,422.62,住,,,1021222,土地1建物0車位0,,,其他,,,,0.0,0,0,0,有,無,34180000,80876,,0.0,0,,RPOOMLSLJHJFFAX86CA
馬公市,土地,興崁段871~900地號,229.03,,一般農業區,農牧用地,1030110,土地1建物0車位0,,,其他,,,,0.0,0,0,0,有,無,6660000,29079,,0.0,0,含未來興建房屋之價款,RPVNMLLLJHJFFAX76CA
湖西鄉,土地,許家段1051~1080地號,2953.1,,一般農業區,農牧用地,1021231,土地1建物0車位0,,,其他,,,,0.0,0,0,0,有,無,13930000,4717,,0.0,0,,RPSNMLMLJHJFFAX56CA
馬公市,土地,東衛段151~180地號,14.03,,一般農業區,農牧用地,1021211,土地1建物0車位0,,,其他,,,,0.0,0,0,0,有,無,38191,2722,,0.0,0,,RPSNMLRJKHJFFAX07DA
馬公市,土地,南澳段1~30地號,603.23,商,,,1030113,土地1建物0車位0,,,其他,,,,0.0,0,0,0,有,無,41885637,69436,,0.0,0,,RPVNMLMLJHJFFAX96DA
馬公市,土地,四維段391~420地號,297.02,農,,,1021230,土地1建物0車位0,,,其他,,,,0.0,0,0,0,有,無,4590000,15454,,0.0,0,,RPQNMLLLJHJFFAX98DA
馬公市,土地,西澳段571~600地號,94.61,住,,,1030103,土地2建物0車位0,,,其他,,,,0.0,0,0,0,有,無,2550685,26960,,0.0,0,向政府機關承購之案件。,RPQNMLMKKHJFFAX56EA
湖西鄉,土地,青螺新段1081~1110地號,125.84,,鄉村區,乙種建築用地,1030102,土地1建物0車位0,,,其他,,,,0.0,0,0,0,有,無,300000,2384,,0.0,0,親友、員工或其他特殊關係間之交易。,RPQNMLKLJHJFFAX98EA
湖西鄉,土地,青螺新段1081~1110地號,269.96,,一般農業區,農牧用地,1030102,土地1建物0車位0,,,其他,,,,0.0,0,0,0,有,無,400000,1482,,0.0,0,親友、員工或其他特殊關係間之交易。,RPRNMLKLJHJFFAX09EA
白沙鄉,土地,大倉段61~90地號,133.0,,鄉村區,乙種建築用地,1021230,土地2建物0車位0,,,其他,,,,0.0,0,0,0,有,無,580000,4361,,0.0,0,向政府機關承購之案件。,RPUNMLKLJHJFFAX76EA
馬公市,房地(土地+建物)+車位,澎湖縣馬公巿西衛181~210號,327.25,,一般農業區,甲種建築用地,1021231,土地2建物1車位1,全,三層,透天厝,住家用,鋼筋混凝土造,1020914,312.99,5,1,4,有,無,10700000,34186,一樓平面,0.0,0,,RPTNMLRLJHJFFAX27DA
湖西鄉,土地,林投南段1261~1290地號,1923.68,,風景區,農牧用地,1021223,土地1建物0車位0,,,其他,,,,0.0,0,0,0,有,無,26223000,13632,,0.0,0,,RPTNMLMLJHJFFAX66CA
七美鄉,土地,七美一段481~510地號,2739.96,,風景區,農牧用地,1021128,土地4建物0車位0,,,其他,,,,0.0,0,0,0,有,無,1521500,555,,0.0,0,向政府機關承購之案件。,RPSNMLKLJHJFFAX98CA
七美鄉,房地(土地+建物),澎湖縣七美鄉七美二段西湖村121~150號,475.0,,一般農業區,甲種建築用地,1021128,土地1建物1車位0,全,一層,透天厝,住家用,見其他登記事項,,69.78,3,2,2,有,無,631000,9043,,0.0,0,"向政府機關承購之案件。因無實地勘查,建物格局略估.",RPTNMLKLJHJFFAX09CA
湖西鄉,土地,許家段631~660地號,2098.03,,一般農業區,農牧用地,1021231,土地3建物0車位0,,,其他,,,,0.0,0,0,0,有,無,6189000,2950,,0.0,0,,RPPOMLSLJHJFFAX96CA
馬公市,房地(土地+建物),澎湖縣馬公巿西文澳61~90號,107.67,住,,,1021230,土地1建物1車位0,全,二層,透天厝,住家用,鋼筋混凝土加強磚造,0681124,97.56,3,2,2,有,無,4600000,47150,,0.0,0,,RPQOMLSLJHJFFAX07CA
馬公市,土地,光榮段361~390地號,1520.71,其他,,,1021230,土地1建物0車位0,,,其他,,,,0.0,0,0,0,有,無,16000000,10521,,0.0,0,包含公共設施保留地之交易。,RPVNMLKLJHJFFAX76DA
湖西鄉,土地,鼎灣新段1021~1050地號,1512.24,,一般農業區,農牧用地,1021230,土地1建物0車位0,,,其他,,,,0.0,0,0,0,有,無,2472000,1635,,0.0,0,,RPRNMLLLJHJFFAX98CA
馬公市,土地,安宅段1231~1260地號,925.2,,鄉村區,乙種建築用地,1021216,土地3建物0車位0,,,其他,,,,0.0,0,0,0,有,無,19600000,21185,,0.0,0,,RPUNMLOLJHJFFAX07DA
馬公市,土地,東澳段361~390地號,330.99,住,,,1021230,土地2建物0車位0,,,其他,,,,0.0,0,0,0,有,無,6000000,18127,,0.0,0,,RPTNMLLLJHJFFAX66DA
馬公市,房地(土地+建物),澎湖縣馬公巿光復路1~30號,32.0,商,,,1021230,土地2建物1車位0,全,四層,透天厝,住商用,鋼筋混凝土加強空心磚造,0620130,98.4,2,1,2,有,無,5500000,55894,,0.0,0,,RPUNMLLLJHJFFAX76DA
湖西鄉,土地,尖山北段121~150地號,638.0,,一般農業區,農牧用地,1030110,土地1建物0車位0,,,其他,,,,0.0,0,0,0,有,無,458000,718,,0.0,0,向政府機關承購,RPPNMLMLJHJFFAX98DA
馬公市,土地,光榮段241~270地號,165.61,住,,,1030115,土地1建物0車位0,,,其他,,,,0.0,0,0,0,有,無,10060000,60745,,0.0,0,,RPUNMLTLJHJFFAX57DA
湖西鄉,土地,林投南段961~990地號,196.13,,一般農業區,甲種建築用地,1021128,土地1建物0車位0,,,其他,,,,0.0,0,0,0,有,無,2520100,12849,,0.0,0,向政府機關承購之案件。,RPVNMLLLJHJFFAX96EA
馬公市,土地,文寮段841~870地號,9.38,,鄉村區,乙種建築用地,1030114,土地1建物0車位0,,,其他,,,,0.0,0,0,0,有,無,83951,8950,,0.0,0,向政府機關承購之案件。,RPQNMLMLJHJFFAX56EA
馬公市,土地,東澳段211~240地號,22.75,住,,,1021128,土地1建物0車位0,,,其他,,,,0.0,0,0,0,有,無,1393890,61270,,0.0,0,向政府機關承購之案件。,RPUNMLOKKHJFFAX17EA
馬公市,土地,文化段451~480地號,26.93,住,,,1030113,土地1建物0車位0,,,其他,,,,0.0,0,0,0,有,無,1210234,44940,,0.0,0,,RPWNMLMLJHJFFAX07DA
馬公市,土地,興崁段421~450地號,2560.28,,一般農業區,農牧用地,1021230,土地1建物0車位0,,,其他,,,,0.0,0,0,0,有,無,5300000,2070,,0.0,0,,RPWNMLLLJHJFFAX96DA
白沙鄉,土地,吉貝西段361~390地號,150.85,,一般農業區,農牧用地,1030121,土地1建物0車位0,,,其他,,,,0.0,0,0,0,有,無,200000,1326,,0.0,0,,RPXOMLOLJHJFFAX47DA
白沙鄉,土地,吉貝西段331~360地號,512.3,,一般農業區,農牧用地,1030121,土地2建物0車位0,,,其他,,,,0.0,0,0,0,有,無,520000,1015,,0.0,0,,RPOPMLOLJHJFFAX66DA
湖西鄉,土地,葉新段1471~1500地號,360.3,,一般農業區,農牧用地,1021230,土地2建物0車位0,,,其他,,,,0.0,0,0,0,有,無,1000000,2775,,0.0,0,,RPSNMLNLJHJFFAX76DA
馬公市,房地(土地+建物),澎湖縣馬公巿光復路327巷1~30號,66.6,住,,,1021224,土地1建物1車位0,全,二層,透天厝,住家用,鋼筋混凝土加強磚造,0660513,76.16,3,1,1,有,無,3960000,51996,,0.0,0,,RPROMLSLJHJFFAX17CA
馬公市,房地(土地+建物),澎湖縣馬公巿漁隆路31~60號,42.0,商,,,1021206,土地1建物1車位0,全,四層,透天厝,住商用,鋼筋混凝土造,0660708,132.04,3,2,2,有,無,8800000,66646,,0.0,0,,RPTOMLSLJHJFFAX37CA
馬公市,土地,烏崁新段1591~1620地號,1820.31,,一般農業區,農牧用地,1021218,土地1建物0車位0,,,其他,,,,0.0,0,0,0,有,無,4950000,2719,,0.0,0,,RPUOMLSLJHJFFAX47CA
馬公市,土地,四維段1111~1140地號,293.5,,一般農業區,農牧用地,1021230,土地1建物0車位0,,,其他,,,,0.0,0,0,0,有,無,6100000,20784,,0.0,0,,RPVOMLSLJHJFFAX57CA
馬公市,土地,馬公段2011~2040地號,211.0,商,,,1021213,土地1建物0車位0,,,其他,,,,0.0,0,0,0,有,無,21698800,102838,,0.0,0,,RPSOMLSLJHJFFAX27CA
白沙鄉,土地,通梁中段751~780地號,378.78,住,,,1021230,土地1建物0車位0,,,其他,,,,0.0,0,0,0,有,無,1718700,4537,,0.0,0,,RPVOMLOLJHJFFAX17CA
馬公市,房地(土地+建物),澎湖縣馬公巿惠民二村1~30號,43.71,住,,,1021223,土地1建物1車位0,全,二層,透天厝,住家用,鋼筋混凝土加強空心磚造,0580702,67.2,0,0,0,無,無,2470000,36756,,0.0,0,,RPPNMLPJKHJFFAX56DA
馬公市,房地(土地+建物)+車位,澎湖縣馬公巿石泉1~30號,297.41,,一般農業區,甲種建築用地,1021230,土地2建物1車位1,全,三層,透天厝,住家用,鋼筋混凝土造,0881221,265.74,5,3,4,有,無,2100000,7902,一樓平面,0.0,0,親友關係間之交易。受債權債務影響或債務抵償之交易。,RPOOMLRKKHJFFAX86DA
白沙鄉,土地,城前段391~420地號,771.0,,一般農業區,農牧用地,1030103,土地4建物0車位0,,,其他,,,,0.0,0,0,0,有,無,2283000,2961,,0.0,0,向政府機關承購之案件。,RPPOMLOLJHJFFAX76EA
西嶼鄉,土地,合界頭段421~450地號,577.0,,一般農業區,農牧用地,1030106,土地1建物0車位0,,,其他,,,,0.0,0,0,0,有,無,380000,659,,0.0,0,向政府機關承購之案件。,RPQNMLOLJHJFFAX76EA
馬公市,房地(土地+建物),澎湖縣馬公巿朝陽路189巷1~30號,37.73,住,,,1021230,土地1建物1車位0,全,二層,透天厝,住家用,鋼筋混凝土加強空心磚造,0641219,54.56,3,1,1,有,無,3390000,62133,,0.0,0,,RPPPMLSLJHJFFAX17DA
馬公市,土地,文東段1501~1530地號,381.52,,一般農業區,農牧用地,1021231,土地4建物0車位0,,,其他,,,,0.0,0,0,0,有,無,577050,1513,,0.0,0,,RPPNMLTLJHJFFAX07DA
白沙鄉,土地,吉貝東段601~630地號,1368.01,,一般農業區,農牧用地,1030122,土地1建物0車位0,,,其他,,,,0.0,0,0,0,有,無,1200000,877,,0.0,0,,RPVNMLRLJHJFFAX47DA
馬公市,房地(土地+建物),澎湖縣馬公巿西文澳91~120號,67.76,住,,,1030110,土地2建物1車位0,全,二層,透天厝,住家用,鋼筋混凝土加強磚造,0700525,80.08,3,1,2,有,無,3200000,39960,,0.0,0,,RPXNMLRLJHJFFAX67DA
馬公市,土地,鐵線段331~360地號,835.34,,一般農業區,農牧用地,1021230,土地1建物0車位0,,,其他,,,,0.0,0,0,0,有,無,5050000,6045,,0.0,0,,RPQNMLRLJHJFFAX86CA
白沙鄉,土地,赤崁南段1~30地號,30.93,,一般農業區,農牧用地,1021230,土地1建物0車位0,,,其他,,,,0.0,0,0,0,有,無,60775,1965,,0.0,0,,RPSOMLOLJHJFFAX86CA
馬公市,土地,四維段601~630地號,242.06,,一般農業區,農牧用地,1021230,土地1建物0車位0,,,其他,,,,0.0,0,0,0,有,無,13800000,57011,,0.0,0,含未來興建房屋價款,RPWNMLRLJHJFFAX47CA
湖西鄉,土地,許家段631~660地號,3061.37,,一般農業區,農牧用地,1021231,土地3建物0車位0,,,其他,,,,0.0,0,0,0,有,無,12000000,3920,,0.0,0,,RPWOMLSLJHJFFAX67CA
馬公市,房地(土地+建物),澎湖縣馬公巿東文澳1~30號,198.9,,一般農業區,甲種建築用地,1021231,土地2建物1車位0,全,三層,透天厝,住家用,鋼筋混凝土造,0980212,197.37,4,1,3,有,無,1500000,7600,,0.0,0,親友、員工或其他特殊關係間之交易。,RPUNMLPJKHJFFAX96CA
西嶼鄉,土地,二崁南段91~120地號,1400.24,農,,,1030121,土地2建物0車位0,,,其他,,,,0.0,0,0,0,有,無,1906000,1361,,0.0,0,,RPXNMLRKKHJFFAX57CA
望安鄉,土地,水垵段1891~1920地號,266.5,,鄉村區,乙種建築用地,1030107,土地1建物0車位0,,,其他,,,,0.0,0,0,0,有,無,230610,865,,0.0,0,,RPQNMLSKKHJFFAX96CA
馬公市,房地(土地+建物),澎湖縣馬公巿石泉91~120號,121.26,,一般農業區,甲種建築用地,1021230,土地1建物1車位0,全,三層,透天厝,住家用,鋼筋混凝土造,0961226,199.84,5,2,3,有,無,6800000,34027,,0.0,0,,RPQOMLRKKHJFFAX96CA
馬公市,土地,五福段31~60地號,239.41,,一般農業區,農牧用地,1030115,土地1建物0車位0,,,其他,,,,0.0,0,0,0,有,無,4000000,16708,,0.0,0,,RPSOMLRKKHJFFAX17CA
馬公市,土地,海堤段31~60地號,781.33,,一般農業區,農牧用地,1030116,土地1建物0車位0,,,其他,,,,0.0,0,0,0,有,無,2363500,3025,,0.0,0,,RPPNMLRKKHJFFAX76CA
馬公市,土地,六合段631~660地號,70.41,農,,,1030125,土地1建物0車位0,,,其他,,,,0.0,0,0,0,有,無,1100000,15623,,0.0,0,,RPRNMLRKKHJFFAX96CA
馬公市,土地,風櫃東段271~300地號,1032.22,,一般農業區,農牧用地,1030122,土地1建物0車位0,,,其他,,,,0.0,0,0,0,有,無,3120000,3023,,0.0,0,,RPTNMLPJKHJFFAX86CA
馬公市,土地,埕東段181~210地號,169.52,其他,,,1030103,土地1建物0車位0,,,其他,,,,0.0,0,0,0,有,無,1025000,6046,,0.0,0,包含公共設施保留地之交易。,RPQNMLLKKHJFFAX88CA
馬公市,房地(土地+建物),澎湖縣馬公巿民族路121~150號,102.55,住,,,1030118,土地1建物1車位0,全,二層,透天厝,住家用,鋼筋混凝土加強磚造,0761210,149.96,2,1,1,有,無,12000000,80021,,0.0,0,,RPPNMLSKKHJFFAX86CA
馬公市,房地(土地+建物),澎湖縣馬公巿民族路121~150號,127.12,住,,,1030118,土地1建物1車位0,全,二層,透天厝,住家用,鋼筋混凝土加強磚造,0761210,149.96,2,1,1,有,無,12000000,80021,,0.0,0,,SPPNMLSKKHJFFAX96CA
馬公市,土地,春暉段241~270地號,2.94,住,,,1030120,土地1建物0車位0,,,其他,,,,0.0,0,0,0,有,無,110000,37415,,0.0,0,,RPQNMLPJKHJFFAX66DA
湖西鄉,土地,機場段961~990地號,1272.04,,一般農業區,農牧用地,1030123,土地3建物0車位0,,,其他,,,,0.0,0,0,0,有,無,4800000,3773,,0.0,0,,RPRNMLTLJHJFFAX27DA
白沙鄉,土地,大倉段61~90地號,133.0,,鄉村區,乙種建築用地,1030127,土地2建物0車位0,,,其他,,,,0.0,0,0,0,有,無,1000000,7519,,0.0,0,,RPTNMLTLJHJFFAX57EA
馬公市,土地,山水東段301~330地號,432.13,,一般農業區,農牧用地,1021230,土地1建物0車位0,,,其他,,,,0.0,0,0,0,有,無,1800000,4165,,0.0,0,,RPRNMLTKKHJFFAX37EA
馬公市,土地,東澳段241~270地號,98.27,住,,,1030107,土地2建物0車位0,,,其他,,,,0.0,0,0,0,有,無,5555550,56534,,0.0,0,向政府機關承購之案件。,RPPNMLLLKHJFFAX09EA
馬公市,房地(土地+建物),澎湖縣馬公巿石泉路1~30號,57.34,,鄉村區,乙種建築用地,1021230,土地1建物1車位0,全,三層,透天厝,住家用,鋼筋混凝土造,0730621,132.01,3,1,2,有,無,3000000,22726,,0.0,0,,RPUNMLKKKHJFFAX76EA
馬公市,土地,興崁段871~900地號,1944.04,,一般農業區,農牧用地,1030128,土地1建物0車位0,,,其他,,,,0.0,0,0,0,有,無,4116000,2117,,0.0,0,,RPPNMLLKKHJFFAX88DA
湖西鄉,土地,紅羅段2341~2370地號,1778.37,,一般農業區,農牧用地,1021225,土地2建物0車位0,,,其他,,,,0.0,0,0,0,有,無,1100000,619,,0.0,0,親友、員工或其他特殊關係間之交易。,RPRNMLPJKHJFFAX76DA
馬公市,土地,海堤段61~90地號,1234.52,,一般農業區,農牧用地,1030116,土地1建物0車位0,,,其他,,,,0.0,0,0,0,有,無,3734400,3025,,0.0,0,,RPQNMLRKKHJFFAX86CA
湖西鄉,土地,城北段541~570地號,836.61,,一般農業區,農牧用地,1030121,土地1建物0車位0,,,其他,,,,0.0,0,0,0,有,無,1700000,2032,,0.0,0,,RPSNMLPJKHJFFAX76CA
