﻿鄉鎮市區,交易標的,土地區段位置建物區段門牌,土地移轉總面積平方公尺,都市土地使用分區,非都市土地使用分區,非都市土地使用編定,交易年月日,交易筆棟數,移轉層次,總樓層數,建物型態,主要用途,主要建材,建築完成年月,建物移轉總面積平方公尺,建物現況格局-房,建物現況格局-廳,建物現況格局-衛,建物現況格局-隔間,有無管理組織,總價元,單價元平方公尺,車位類別,車位移轉總面積平方公尺,車位總價元,備註,編號
The villages and towns urban district,transaction sign,land sector position building sector house number plate,land shifting total area square meter,the use zoning or compiles and checks,the non-metropolis land use district,non-metropolis land use,transaction year month and day,transaction pen number,shifting level,total floor number,building state,main use,main building materials,construction to complete the years,building shifting total area,Building present situation pattern - room,building present situation pattern - hall,building present situation pattern - health,building present situation pattern - compartmented,Whether there is manages the organization,total price NTD,the unit price (NTD / square meter),the berth category,berth shifting total area square meter,the berth total price NTD,the note,serial number
金寧鄉,土地,寧北一劃段121~150地號,1000.0,其他,,,1030411,土地1建物0車位0,,,其他,,,,0.0,0,0,0,有,無,3000000,3000,,0.0,0,,RPSNMLMJNHJFFAW66CA
金城鎮,土地,東沙段451~480地號,2175.55,其他,,,1030301,土地6建物0車位0,,,其他,,,,0.0,0,0,0,有,無,4200000,1931,,0.0,0,,RPWNMLMLNHJFFAW27CA
金城鎮,土地,小西門劃測段2161~2190地號,687.27,住,,,1030424,土地1建物0車位0,,,其他,,,,0.0,0,0,0,有,無,8000000,11640,,0.0,0,,RPSNMLLJNHJFFAW66DA
金湖鎮,土地,太湖劃測段211~240地號,606.96,其他,,,1030403,土地1建物0車位0,,,其他,,,,0.0,0,0,0,有,無,6800000,11203,,0.0,0,,RPSNMLQJNHJFFAW07CA
金沙鎮,土地,蔡厝劃測段361~390地號,1127.03,農,,,1030430,土地1建物0車位0,,,其他,,,,0.0,0,0,0,有,無,2366763,2100,,0.0,0,,RPUOMLQKNHJFFAW47CA
金寧鄉,土地,榜林村段211~240地號,199.0,住,,,1030410,土地1建物0車位0,,,其他,,,,0.0,0,0,0,有,無,4700000,23618,,0.0,0,,RPTNMLTLNHJFFAW67CA
金湖鎮,土地,瓊林段421~450地號,6.85,其他,,,1030430,土地1建物0車位0,,,其他,,,,0.0,0,0,0,有,無,23970,3499,,0.0,0,,RPUNMLQKNHJFFAW47DA
烈嶼鄉,土地,青岐段61~90地號,151.0,住,,,1030506,土地1建物0車位0,,,其他,,,,0.0,0,0,0,有,無,1000000,6623,,0.0,0,,RPPNMLPKNHJFFAW86DA
金寧鄉,房地(土地+建物),金門縣金寧鄉湖南1~30號,71.75,住,,,1030414,土地1建物1車位0,三層,三層,公寓(5樓含以下無電梯),見其他登記事項,鋼筋混凝土造,1030121,110.03999999999999,3,2,2,有,無,5700000,51799,,0.0,0,,RPQNMLSLNHJFFAW37DA
金湖鎮,土地,瓊林段421~450地號,20.89,其他,,,1030430,土地1建物0車位0,,,其他,,,,0.0,0,0,0,有,無,73125,3500,,0.0,0,,RPVNMLQKNHJFFAW57DA
金湖鎮,土地,瓊林段421~450地號,50.2,其他,,,1030430,土地2建物0車位0,,,其他,,,,0.0,0,0,0,有,無,175700,3500,,0.0,0,,RPXNMLQKNHJFFAW77DA
金湖鎮,土地,瓊林段421~450地號,50.2,其他,,,1030430,土地2建物0車位0,,,其他,,,,0.0,0,0,0,有,無,175700,3500,,0.0,0,,RPOOMLQKNHJFFAW96DA
金湖鎮,土地,瓊林段421~450地號,66.05,其他,,,1030430,土地1建物0車位0,,,其他,,,,0.0,0,0,0,有,無,231175,3500,,0.0,0,,RPPOMLQKNHJFFAW07DA
金城鎮,土地,金城劃段211~240地號,242.5,農,,,1030506,土地2建物0車位0,,,其他,,,,0.0,0,0,0,有,無,3200000,13196,,0.0,0,,RPSNMLTKNHJFFAW57DA
金城鎮,房地(土地+建物),金門縣金城鎮小西門31~60號,51.15,住,,,1030413,土地1建物1車位0,三層,三層,公寓(5樓含以下無電梯),見其他登記事項,鋼筋混凝土造,1030110,87.93,3,2,2,有,有,4100000,46628,,0.0,0,,RPQNMLTJNHJFFAW27DA
金城鎮,土地,水頭段1~30地號,3584.67,農,,,1030317,土地9建物0車位0,,,其他,,,,0.0,0,0,0,有,無,18000000,5021,,0.0,0,,RPTNMLKLNHJFFAW76CA
金寧鄉,土地,寧劃段421~450地號,979.13,農,,,1030425,土地2建物0車位0,,,其他,,,,0.0,0,0,0,有,無,2400000,2451,,0.0,0,,RPPNMLOLNHJFFAW76CA
金寧鄉,土地,寧劃段451~480地號,978.39,農,,,1030425,土地2建物0車位0,,,其他,,,,0.0,0,0,0,有,無,2400000,2453,,0.0,0,,RPQNMLOLNHJFFAW86CA
金寧鄉,房地(土地+建物),金門縣金寧鄉埔後181~210號,76.0,其他,,,1030428,土地1建物1車位0,全,三層,透天厝,見其他登記事項,鋼筋混凝土造,0991019,159.5,4,2,5,有,無,11700000,73354,,0.0,0,,RPXNMLNKNHJFFAW37CA
烈嶼鄉,土地,前埔測段961~990地號,775.02,農,,,1030407,土地3建物0車位0,,,其他,,,,0.0,0,0,0,有,無,1000000,1290,,0.0,0,,RPSNMLTJNHJFFAW37CA
金寧鄉,土地,后垵段1~30地號,515.35,農,,,1030429,土地2建物0車位0,,,其他,,,,0.0,0,0,0,有,無,2400000,4657,,0.0,0,,RPTNMLTJNHJFFAW47CA
金城鎮,土地,古塔段61~90地號,626.38,其他,,,1030421,土地1建物0車位0,,,其他,,,,0.0,0,0,0,有,無,15000000,23947,,0.0,0,,RPUNMLTJNHJFFAW57CA
金城鎮,土地,城西段631~660地號,139.01,住,,,1030505,土地2建物0車位0,,,其他,,,,0.0,0,0,0,有,無,4147655,29837,,0.0,0,,RPQNMLNKNHJFFAW66CA
金湖鎮,房地(土地+建物),金門縣金湖鎮復國墩1~30號,460.0,住,,,1030505,土地2建物1車位0,全,三層,透天厝,見其他登記事項,鋼筋混凝土造,0781107,653.38,3,2,3,有,無,12500000,19131,,0.0,0,,RPSNMLPKNHJFFAW07CA
金寧鄉,土地,長寮段1381~1410地號,560.81,農,,,1030312,土地1建物0車位0,,,其他,,,,0.0,0,0,0,有,無,4000000,7133,,0.0,0,,RPOOMLNKNHJFFAW56CA
金寧鄉,土地,寧湖三劃段301~330地號,500.0,農,,,1030312,土地1建物0車位0,,,其他,,,,0.0,0,0,0,有,無,4000000,8000,,0.0,0,,RPPOMLNKNHJFFAW66CA
金寧鄉,土地,寧劃段1261~1290地號,489.63,農,,,1030501,土地1建物0車位0,,,其他,,,,0.0,0,0,0,有,無,1250000,2553,,0.0,0,,RPVNMLNKNHJFFAW17CA
金寧鄉,土地,寧劃段1471~1500地號,491.09,農,,,1030501,土地1建物0車位0,,,其他,,,,0.0,0,0,0,有,無,1250000,2545,,0.0,0,,RPWNMLNKNHJFFAW27CA
金寧鄉,土地,寧安四劃段631~660地號,573.33,農,,,1030425,土地1建物0車位0,,,其他,,,,0.0,0,0,0,有,無,1200000,2093,,0.0,0,,RPRNMLLLNHJFFAW66CA
金城鎮,房地(土地+建物),金門縣金城鎮小西門31~60號,51.15,住,,,1030413,土地1建物1車位0,三層,三層,公寓(5樓含以下無電梯),見其他登記事項,鋼筋混凝土造,1030110,92.05,3,2,2,有,無,4500000,48886,,0.0,0,,RPPNMLOKNHJFFAW76DA
金湖鎮,土地,山外段331~360地號,48.34,住,,,1030430,土地1建物0車位0,,,其他,,,,0.0,0,0,0,有,無,1200000,24824,,0.0,0,,RPQNMLPKNHJFFAW96DA
金寧鄉,土地,西堡劃測段481~510地號,600.03,農,,,1030512,土地1建物0車位0,,,其他,,,,0.0,0,0,0,有,無,1800000,3000,,0.0,0,,RPPNMLQKNHJFFAW96DA
金沙鎮,土地,碧山段511~540地號,1225.17,農,,,1030512,土地2建物0車位0,,,其他,,,,0.0,0,0,0,有,無,2500000,2041,,0.0,0,,RPQNMLOKNHJFFAW86DA
金寧鄉,土地,長寮段931~960地號,660.73,農,,,1030421,土地1建物0車位0,,,其他,,,,0.0,0,0,0,有,無,3430000,5191,,0.0,0,,RPRNMLPKNHJFFAW96CA
金沙鎮,土地,東珩段751~780地號,252.04,農,,,1030513,土地1建物0車位0,,,其他,,,,0.0,0,0,0,有,無,327600,1300,,0.0,0,,RPSNMLQKNHJFFAW17CA
金城鎮,土地,后垵段61~90地號,1275.27,農,,,1030509,土地2建物0車位0,,,其他,,,,0.0,0,0,0,有,無,5000000,3921,,0.0,0,,RPQNMLKKOHJFFAW09CA
金湖鎮,土地,料羅段871~900地號,403.56,農,,,1030514,土地1建物0車位0,,,其他,,,,0.0,0,0,0,有,無,400000,991,,0.0,0,,RPRNMLQKNHJFFAW07CA
金城鎮,土地,水頭段391~420地號,208.79,農,,,1030513,土地1建物0車位0,,,其他,,,,0.0,0,0,0,有,無,1000000,4790,,0.0,0,,RPUNMLKLNHJFFAW86CA
金湖鎮,土地,新頭段811~840地號,513.9,農,,,1030501,土地1建物0車位0,,,其他,,,,0.0,0,0,0,有,無,2600000,5059,,0.0,0,,RPOOMLMKOHJFFAW56CA
金城鎮,土地,小西門劃測段1141~1170地號,889.69,住,,,1020512,土地1建物0車位0,,,其他,,,,0.0,0,0,0,有,無,20580000,23132,,0.0,0,,RPPNMLMLNHJFFAW56CA
金沙鎮,土地,沙碧劃段271~300地號,750.0,農,,,1030411,土地2建物0車位0,,,其他,,,,0.0,0,0,0,有,無,2025000,2700,,0.0,0,,RPTNMLTJOHJFFAW67DA
金沙鎮,土地,東店段31~60地號,2932.11,其他,,,1030411,土地5建物0車位0,,,其他,,,,0.0,0,0,0,有,無,4988438,1701,,0.0,0,,RPVNMLTJOHJFFAW87DA
金沙鎮,土地,東店段91~120地號,2150.32,其他,,,1030411,土地6建物0車位0,,,其他,,,,0.0,0,0,0,有,無,3873948,1802,,0.0,0,,RPPNMLKKOHJFFAW09DA
金沙鎮,土地,沙溪一劃段391~420地號,470.14,農,,,1030509,土地1建物0車位0,,,其他,,,,0.0,0,0,0,有,無,1600000,3403,,0.0,0,,RPQNMLTKNHJFFAW37DA
金沙鎮,土地,沙碧劃段271~300地號,500.0,農,,,1030411,土地1建物0車位0,,,其他,,,,0.0,0,0,0,有,無,1350000,2700,,0.0,0,,RPRNMLMKOHJFFAW86DA
金沙鎮,土地,沙碧劃段271~300地號,500.0,農,,,1030411,土地1建物0車位0,,,其他,,,,0.0,0,0,0,有,無,1350000,2700,,0.0,0,,RPSNMLMKOHJFFAW96DA
金城鎮,土地,莒光樓段331~360地號,138.0,農,,,1030505,土地1建物0車位0,,,其他,,,,0.0,0,0,0,有,無,964620,6990,,0.0,0,,RPRNMLTKNHJFFAW47DA
金湖鎮,房地(土地+建物),金門縣金湖鎮夏興61~90號,22.71,住,,,1030415,土地3建物1車位0,二層,三層,套房(1房1廳1衛),見其他登記事項,鋼筋混凝土造,0880827,39.730000000000004,1,1,1,有,無,1200000,30204,,0.0,0,,RPUNMLSLNHJFFAW77DA
金湖鎮,土地,士校段61~90地號,1508.73,農,,,1030509,土地1建物0車位0,,,其他,,,,0.0,0,0,0,有,無,7543650,5000,,0.0,0,,RPROMLNLNHJFFAW96CA
金湖鎮,土地,士校段61~90地號,8415.85,農,,,1030509,土地1建物0車位0,,,其他,,,,0.0,0,0,0,有,無,42079250,5000,,0.0,0,,RPSOMLNLNHJFFAW07CA
金城鎮,土地,山前段661~690地號,347.03,農,,,1030421,土地2建物0車位0,,,其他,,,,0.0,0,0,0,有,無,2300000,6628,,0.0,0,,RPQNMLKLNHJFFAW09CA
金湖鎮,土地,湖前段421~450地號,484.57,其他,,,1030512,土地1建物0車位0,,,其他,,,,0.0,0,0,0,有,無,11000000,22701,,0.0,0,,RPSNMLKLNHJFFAW66CA
烈嶼鄉,土地,西方段361~390地號,279.0,住,,,1030515,土地1建物0車位0,,,其他,,,,0.0,0,0,0,有,無,2267000,8125,,0.0,0,,RPSNMLNJOHJFFAW86CA
金城鎮,土地,古塔段271~300地號,1285.2,其他,,,1030505,土地5建物0車位0,,,其他,,,,0.0,0,0,0,有,無,3467280,2698,,0.0,0,宗親,RPVNMLNJOHJFFAW17CA
金湖鎮,土地,后壟段31~60地號,2024.0,其他,,,1030423,土地2建物0車位0,,,其他,,,,0.0,0,0,0,有,無,37990000,18770,,0.0,0,,RPTNMLKMNHJFFAW86CA
金湖鎮,土地,后壟段1~30地號,1013.0,其他,,,1030423,土地1建物0車位0,,,其他,,,,0.0,0,0,0,有,無,19010000,18766,,0.0,0,,RPUNMLKMNHJFFAW96CA
金沙鎮,土地,英坑段211~240地號,485.18,農,,,1030512,土地1建物0車位0,,,其他,,,,0.0,0,0,0,有,無,450000,927,,0.0,0,,RPUNMLNJOHJFFAW07CA
金寧鄉,土地,東洲段151~180地號,87.1,農,,,1030506,土地1建物0車位0,,,其他,,,,0.0,0,0,0,有,無,553956,6360,,0.0,0,,RPQNMLLLNHJFFAW56CA
金寧鄉,土地,中三劃測段151~180地號,733.01,農,,,1030505,土地2建物0車位0,,,其他,,,,0.0,0,0,0,有,無,14660000,20000,,0.0,0,,RPSNMLOLNHJFFAW07CA
金寧鄉,土地,寧湖二劃測段121~150地號,447.93,農,,,1030514,土地1建物0車位0,,,其他,,,,0.0,0,0,0,有,無,3300000,7367,,0.0,0,,RPTNMLOLNHJFFAW17CA
金城鎮,土地,后豐港段151~180地號,762.0,農,,,1030501,土地2建物0車位0,,,其他,,,,0.0,0,0,0,有,無,4600000,6037,,0.0,0,,RPQNMLMLNHJFFAW66CA
金寧鄉,土地,長寮段91~120地號,2363.77,農,,,1030430,土地1建物0車位0,,,其他,,,,0.0,0,0,0,有,無,7500000,3173,,0.0,0,,RPTNMLMLNHJFFAW96CA
金沙鎮,土地,榮湖段961~990地號,560.0,其他,,,1030516,土地1建物0車位0,,,其他,,,,0.0,0,0,0,有,無,1800000,3214,,0.0,0,,RPUNMLMLNHJFFAW07CA
金寧鄉,房地(土地+建物),金門縣金寧鄉湖南31~60號,48.84,其他,,,1030424,土地1建物1車位0,二層,三層,公寓(5樓含以下無電梯),見其他登記事項,鋼筋混凝土造,1030317,91.9,3,2,2,有,無,5200000,56583,,0.0,0,,RPQNMLNLNHJFFAW76CA
金寧鄉,房地(土地+建物),金門縣金寧鄉湖南31~60號,84.2,其他,,,1030425,土地1建物1車位0,全,三層,透天厝,見其他登記事項,鋼筋混凝土造,1030317,175.96,5,2,3,有,無,9800000,55694,,0.0,0,,RPSNMLNLNHJFFAW96CA
金寧鄉,房地(土地+建物),金門縣金寧鄉湖南31~60號,48.84,其他,,,1030423,土地1建物1車位0,二層,三層,公寓(5樓含以下無電梯),見其他登記事項,鋼筋混凝土造,1030317,92.79,3,2,2,有,無,5300000,57118,,0.0,0,,RPUNMLNLNHJFFAW17CA
金寧鄉,房地(土地+建物),金門縣金寧鄉湖南31~60號,48.84,其他,,,1030423,土地1建物1車位0,三層,三層,公寓(5樓含以下無電梯),見其他登記事項,鋼筋混凝土造,1030317,92.79,3,2,2,有,無,5300000,57118,,0.0,0,,RPWNMLNLNHJFFAW37CA
金寧鄉,房地(土地+建物),金門縣金寧鄉湖南31~60號,48.84,其他,,,1030423,土地1建物1車位0,三層,三層,公寓(5樓含以下無電梯),見其他登記事項,鋼筋混凝土造,1030317,91.9,3,2,2,有,無,5200000,56583,,0.0,0,,RPOOMLNLNHJFFAW66CA
金城鎮,房地(土地+建物),金門縣金城鎮金門城61~90號,73.36,其他,,,1030508,土地1建物1車位0,一層,三層,公寓(5樓含以下無電梯),見其他登記事項,鋼筋混凝土造,1030314,92.74000000000001,3,1,2,有,無,4700000,50679,,0.0,0,,RPVOMLSLNHJFFAW87CA
金寧鄉,土地,榜林村段1~30地號,59.0,住,,,1030519,土地1建物0車位0,,,其他,,,,0.0,0,0,0,有,無,1298000,22000,,0.0,0,,RPPOMLMKOHJFFAW66CA
金城鎮,土地,古塔段451~480地號,572.34,農,,,1030520,土地1建物0車位0,,,其他,,,,0.0,0,0,0,有,無,600000,1048,,0.0,0,,RPRNMLMLNHJFFAW86DA
金城鎮,土地,水頭段61~90地號,614.84,農,,,1030518,土地2建物0車位0,,,其他,,,,0.0,0,0,0,有,無,9222600,15000,,0.0,0,,RPVNMLMLNHJFFAW27DA
金湖鎮,房地(土地+建物),金門縣金湖鎮夏興61~90號,20.45,住,,,1030516,土地3建物1車位0,二層,三層,套房(1房1廳1衛),見其他登記事項,鋼筋混凝土造,0880827,35.13,1,1,1,有,有,1100000,31312,,0.0,0,,RPTNMLQLNHJFFAW47DA
金城鎮,房地(土地+建物),金門縣金城鎮金門城61~90號,75.16,其他,,,1030508,土地1建物1車位0,三層,三層,公寓(5樓含以下無電梯),見其他登記事項,鋼筋混凝土造,1030314,84.13,3,2,2,有,無,4000000,47545,,0.0,0,,RPRNMLRKOHJFFAW27CA
金城鎮,房地(土地+建物),金門縣金城鎮金門城61~90號,73.27,其他,,,1030508,土地1建物1車位0,二層,三層,公寓(5樓含以下無電梯),見其他登記事項,鋼筋混凝土造,1030314,92.74000000000001,3,1,2,有,無,4200000,45288,,0.0,0,,RPXOMLSLNHJFFAW08CA
金城鎮,房地(土地+建物),金門縣金城鎮金門城61~90號,69.15,其他,,,1030508,土地1建物1車位0,三層,三層,公寓(5樓含以下無電梯),見其他登記事項,鋼筋混凝土造,1030314,82.22,3,1,2,有,無,4200000,51082,,0.0,0,,RPQNMLTLNHJFFAW37CA
金城鎮,房地(土地+建物),金門縣金城鎮金門城61~90號,78.25,其他,,,1030508,土地1建物1車位0,一層,三層,公寓(5樓含以下無電梯),見其他登記事項,鋼筋混凝土造,1030314,93.67999999999999,3,1,2,有,無,5000000,53373,,0.0,0,,RPSNMLSLNHJFFAW47CA
金城鎮,房地(土地+建物),金門縣金城鎮金門城61~90號,78.17,其他,,,1030508,土地1建物1車位0,二層,三層,公寓(5樓含以下無電梯),見其他登記事項,鋼筋混凝土造,1030314,93.67,3,1,2,有,無,5000000,53379,,0.0,0,,RPWNMLSLNHJFFAW87CA
金城鎮,房地(土地+建物),金門縣金城鎮金門城61~90號,78.25,其他,,,1030508,土地1建物1車位0,三層,三層,公寓(5樓含以下無電梯),見其他登記事項,鋼筋混凝土造,1030314,83.0,3,1,2,有,無,5000000,60241,,0.0,0,,RPOOMLSLNHJFFAW17CA
金城鎮,房地(土地+建物),金門縣金城鎮金門城61~90號,69.15,其他,,,1030508,土地1建物1車位0,一層,三層,公寓(5樓含以下無電梯),見其他登記事項,鋼筋混凝土造,1030314,82.22,3,1,2,有,無,5300000,64461,,0.0,0,,RPQOMLSLNHJFFAW37CA
金城鎮,房地(土地+建物),金門縣金城鎮金門城61~90號,69.06,其他,,,1030508,土地1建物1車位0,二層,三層,公寓(5樓含以下無電梯),見其他登記事項,鋼筋混凝土造,1030314,82.22,3,1,2,有,無,5300000,64461,,0.0,0,,SPQOMLSLNHJFFAW47CA
金城鎮,房地(土地+建物),金門縣金城鎮金門城61~90號,65.71,其他,,,1030508,土地1建物1車位0,一層,三層,公寓(5樓含以下無電梯),見其他登記事項,鋼筋混凝土造,1030314,84.13,3,2,2,有,無,5500000,65375,,0.0,0,,RPTOMLSLNHJFFAW67CA
金城鎮,房地(土地+建物),金門縣金城鎮金門城61~90號,65.63,其他,,,1030508,土地1建物1車位0,二層,三層,公寓(5樓含以下無電梯),見其他登記事項,鋼筋混凝土造,1030314,84.13,3,2,2,有,無,5300000,62998,,0.0,0,,SPTOMLSLNHJFFAW77CA
金湖鎮,土地,湖前段481~510地號,4242.0,農,,,1030521,土地1建物0車位0,,,其他,,,,0.0,0,0,0,有,無,4000000,943,,0.0,0,親友間之交易。,RPTNMLNJOHJFFAW96CA
金沙鎮,土地,青嶼段931~960地號,958.0,住,,,1030502,土地2建物0車位0,,,其他,,,,0.0,0,0,0,有,無,8000000,8351,,0.0,0,,RPXNMLKKOHJFFAW17CA
金沙鎮,土地,青嶼段871~900地號,987.6,住,,,1030506,土地2建物0車位0,,,其他,,,,0.0,0,0,0,有,無,8326000,8431,,0.0,0,,RPPOMLKKOHJFFAW09CA
金湖鎮,房地(土地+建物),金門縣金湖鎮湖前301~330號,58.75,其他,,,1030424,土地1建物1車位0,全,三層,透天厝,見其他登記事項,鋼筋混凝土造,1021011,143.68,4,4,2,有,無,7500000,52199,,0.0,0,,RPSNMLQLNHJFFAW27CA
金寧鄉,土地,安西劃段1111~1140地號,422.95,農,,,1030328,土地1建物0車位0,,,其他,,,,0.0,0,0,0,有,無,3000000,7093,,0.0,0,,RPQNMLRLNHJFFAW17CA
金城鎮,土地,北堤段631~660地號,70.29,商,,,1030514,土地2建物0車位0,,,其他,,,,0.0,0,0,0,有,無,15000000,213402,,0.0,0,,RPRNMLRLNHJFFAW27CA
金沙鎮,土地,青嶼段871~900地號,346.4,住,,,1030502,土地1建物0車位0,,,其他,,,,0.0,0,0,0,有,無,3000000,8661,,0.0,0,,RPWNMLKKOHJFFAW07CA
金城鎮,土地,延平段1021~1050地號,492.42,農,,,1030509,土地1建物0車位0,,,其他,,,,0.0,0,0,0,有,無,3000000,6092,,0.0,0,,RPWNMLRLNHJFFAW87DA
金寧鄉,房地(土地+建物),金門縣金寧鄉埔邊121~150號,99.5,住,,,1030521,土地3建物1車位0,全,三層,透天厝,見其他登記事項,鋼筋混凝土造,1020726,151.36,5,4,5,有,無,11500000,75978,,0.0,0,,RPSNMLNKOHJFFAW96CA
金城鎮,房地(土地+建物),金門縣金城鎮中興路161巷1~30號,19.8,住,,,1030519,土地1建物1車位0,一層，騎樓,五層,店面(店鋪),見其他登記事項,鋼筋混凝土造,0880310,92.32,2,1,1,有,無,16800000,181976,,0.0,0,,RPPNMLOKOHJFFAW76CA
金寧鄉,房地(土地+建物),金門縣金寧鄉埔邊121~150號,179.44,住,,,1030430,土地3建物1車位0,全,三層,透天厝,見其他登記事項,鋼筋混凝土造,1030207,351.17,5,2,3,有,無,17500000,49833,,0.0,0,,RPTNMLSKOHJFFAW57CA
金寧鄉,房地(土地+建物),金門縣金寧鄉埔邊121~150號,61.69,住,,,1030430,土地3建物1車位0,二層,三層,公寓(5樓含以下無電梯),見其他登記事項,鋼筋混凝土造,1030207,81.09,3,2,2,有,無,3950000,48711,,0.0,0,,RPUNMLSKOHJFFAW67CA
金寧鄉,房地(土地+建物),金門縣金寧鄉埔邊121~150號,43.37,住,,,1030430,土地3建物1車位0,二層,三層,公寓(5樓含以下無電梯),見其他登記事項,鋼筋混凝土造,1030207,81.09,3,2,2,有,無,4200000,51794,,0.0,0,,RPWNMLSKOHJFFAW87CA
金寧鄉,房地(土地+建物),金門縣金寧鄉埔邊121~150號,43.37,住,,,1030430,土地3建物1車位0,三層,三層,公寓(5樓含以下無電梯),見其他登記事項,鋼筋混凝土造,1030207,80.24,3,2,2,有,無,3900000,48604,,0.0,0,,RPWNMLTKOHJFFAW97CA
金寧鄉,房地(土地+建物),金門縣金寧鄉埔邊121~150號,43.37,住,,,1030430,土地3建物1車位0,一層,三層,公寓(5樓含以下無電梯),見其他登記事項,鋼筋混凝土造,1030207,80.24,3,2,2,有,無,4200000,52343,,0.0,0,,SPWNMLTKOHJFFAW08CA
金寧鄉,房地(土地+建物),金門縣金寧鄉埔邊121~150號,43.37,住,,,1030430,土地3建物1車位0,三層,三層,公寓(5樓含以下無電梯),見其他登記事項,鋼筋混凝土造,1030207,80.24,3,2,2,有,無,4100000,51097,,0.0,0,,RPPOMLSKOHJFFAW27CA
金寧鄉,房地(土地+建物),金門縣金寧鄉湖南31~60號,48.84,其他,,,1030423,土地1建物1車位0,一層,三層,公寓(5樓含以下無電梯),見其他登記事項,鋼筋混凝土造,1030317,84.25,3,2,2,有,無,5500000,65282,,0.0,0,,RPUNMLKLOHJFFAW96CA
金寧鄉,土地,寧山段271~300地號,1020.85,農,,,1030513,土地3建物0車位0,,,其他,,,,0.0,0,0,0,有,無,3500000,3429,,0.0,0,,RPSNMLRJOHJFFAW27CA
金城鎮,房地(土地+建物),金門縣金寧鄉環島北路一段38巷1弄1~30號,31.36,住,,,1030425,土地1建物1車位0,三層,三層,公寓(5樓含以下無電梯),住家用,鋼筋混凝土造,0850214,106.52,3,2,2,有,無,6600000,61960,,0.0,0,,RPPNMLTJOHJFFAW17CA
金寧鄉,土地,古寧頭段601~630地號,332.0,農,,,1030520,土地1建物0車位0,,,其他,,,,0.0,0,0,0,有,無,1250000,3765,,0.0,0,,RPQNMLTJOHJFFAW27CA
金寧鄉,房地(土地+建物),金門縣金寧鄉頂埔下61~90號,61.34,其他,,,1030520,土地1建物1車位0,二層,三層,公寓(5樓含以下無電梯),見其他登記事項,鋼筋混凝土造,1011017,116.87,3,2,3,有,無,6500000,55617,,0.0,0,,RPTNMLRJOHJFFAW37CA
金沙鎮,土地,北九劃段1351~1380地號,1000.0,農,,,1030402,土地2建物0車位0,,,其他,,,,0.0,0,0,0,有,無,3199915,3200,,0.0,0,,RPWNMLNJOHJFFAW27CA
金湖鎮,土地,太湖劃測段1351~1380地號,1560.08,農,,,1030428,土地2建物0車位0,,,其他,,,,0.0,0,0,0,有,無,3200000,2051,,0.0,0,,RPOOMLNJOHJFFAW56CA
金寧鄉,土地,青山段451~480地號,1150.19,農,,,1030526,土地2建物0車位0,,,其他,,,,0.0,0,0,0,有,無,2200000,1913,,0.0,0,,RPRNMLNJOHJFFAW76CA
金城鎮,土地,賢厝段781~810地號,563.0,農,,,1030513,土地1建物0車位0,,,其他,,,,0.0,0,0,0,有,無,731900,1300,,0.0,0,,RPUNMLRJOHJFFAW47CA
金寧鄉,土地,寧湖六劃段121~150地號,453.5,農,,,1030515,土地1建物0車位0,,,其他,,,,0.0,0,0,0,有,無,1400000,3087,,0.0,0,,RPRNMLTKOHJFFAW47CA
金寧鄉,土地,后沙劃測段631~660地號,2280.05,農,,,1030506,土地3建物0車位0,,,其他,,,,0.0,0,0,0,有,無,6226483,2731,,0.0,0,,RPUNMLMKOHJFFAW07CA
金湖鎮,土地,湖前段391~420地號,340.94,其他,,,1030523,土地2建物0車位0,,,其他,,,,0.0,0,0,0,有,無,11660000,34200,,0.0,0,,RPSNMLOJOHJFFAW96CA
金沙鎮,土地,沙溪一劃段451~480地號,1040.0,農,,,1030520,土地1建物0車位0,,,其他,,,,0.0,0,0,0,有,無,4500000,4327,,0.0,0,,RPPNMLRJOHJFFAW96CA
金寧鄉,土地,青山段451~480地號,1150.19,農,,,1030526,土地2建物0車位0,,,其他,,,,0.0,0,0,0,有,無,2200000,1913,,0.0,0,,RPQNMLNJOHJFFAW66CA
金寧鄉,房地(土地+建物),金門縣金寧鄉湖南1~30號,71.75,住,,,1030521,土地1建物1車位0,一層,三層,公寓(5樓含以下無電梯),見其他登記事項,鋼筋混凝土造,1030121,110.75,3,2,2,有,無,2800000,25282,,0.0,0,,RPQNMLLKOHJFFAW66DA
金寧鄉,土地,寧湖三劃段661~690地號,493.0,其他,,,1030505,土地1建物0車位0,,,其他,,,,0.0,0,0,0,有,無,4900000,9939,,0.0,0,,RPXNMLKLOHJFFAW37DA
金湖鎮,土地,多年段691~720地號,315.16,農,,,1030512,土地1建物0車位0,,,其他,,,,0.0,0,0,0,有,無,441224,1400,,0.0,0,,RPQOMLMKOHJFFAW76CA
金寧鄉,房地(土地+建物),金門縣金寧鄉埔邊121~150號,43.37,住,,,1030526,土地3建物1車位0,一層,三層,公寓(5樓含以下無電梯),見其他登記事項,鋼筋混凝土造,1030207,80.24,3,2,2,有,無,4500000,56082,,0.0,0,,RPPOMLTKOHJFFAW37CA
金寧鄉,土地,煙墩段991~1020地號,340.77,住,,,1030520,土地1建物0車位0,,,其他,,,,0.0,0,0,0,有,無,9330000,27379,,0.0,0,本案含未辦保存登記2層建物一棟，面積210平方公尺。,RPQNMLOKOHJFFAW86CA
金寧鄉,土地,榜林村段121~150地號,286.05,其他,,,1030529,土地2建物0車位0,,,其他,,,,0.0,0,0,0,有,無,6479000,22650,,0.0,0,,RPUNMLQLOHJFFAW57CA
金湖鎮,土地,陳坑段181~210地號,411.54,農,,,1030528,土地1建物0車位0,,,其他,,,,0.0,0,0,0,有,無,1500000,3645,,0.0,0,,RPPOMLNJOHJFFAW66CA
金城鎮,房地(土地+建物),金門縣金城鎮金門城61~90號,73.27,其他,,,1030508,土地1建物1車位0,三層,三層,公寓(5樓含以下無電梯),見其他登記事項,鋼筋混凝土造,1030314,92.74000000000001,3,1,2,有,無,4600000,49601,,0.0,0,,RPRNMLOJOHJFFAW86CA
金寧鄉,土地,寧湖二劃測段601~630地號,740.0,農,,,1030519,土地1建物0車位0,,,其他,,,,0.0,0,0,0,有,無,4000000,5405,,0.0,0,,RPQNMLQJOHJFFAW96CA
金沙鎮,土地,中蘭劃測段211~240地號,899.98,農,,,1030515,土地1建物0車位0,,,其他,,,,0.0,0,0,0,有,無,4500000,5000,,0.0,0,,RPSNMLQJOHJFFAW17CA
金沙鎮,土地,蔡厝劃測段211~240地號,2277.93,農,,,1030513,土地3建物0車位0,,,其他,,,,0.0,0,0,0,有,無,6000000,2634,,0.0,0,,RPQNMLPJOHJFFAW86CA
金城鎮,房地(土地+建物),金門縣金城鎮民生路61~90號,180.13,商,,,1030604,土地4建物2車位0,一層，二層，騎樓,二層,店面(店鋪),住商用,鋼筋混凝土造,0560701,339.58,4,6,6,有,無,55000000,161965,,0.0,0,含增建或未登記建物，兩屋合買。,RPSNMLKKOHJFFAW66CA
金湖鎮,土地,漁村段541~570地號,20.29,其他,,,1030605,土地1建物0車位0,,,其他,,,,0.0,0,0,0,有,無,55798,2750,,0.0,0,,RPQOMLTKOHJFFAW47CA
金沙鎮,土地,沙港劃段1~30地號,1000.46,農,,,1030522,土地1建物0車位0,,,其他,,,,0.0,0,0,0,有,無,4000000,3998,,0.0,0,,RPROMLMKOHJFFAW86CA
金沙鎮,土地,沙東劃段181~210地號,1100.32,農,,,1030605,土地1建物0車位0,,,其他,,,,0.0,0,0,0,有,無,3500000,3181,,0.0,0,,RPOOMLLJPHJFFAW56DA
金湖鎮,土地,士校段1~30地號,147.3,農,,,1030530,土地2建物0車位0,,,其他,,,,0.0,0,0,0,有,無,900000,6110,,0.0,0,,RPWNMLOJPHJFFAW57DA
金城鎮,土地,賢厝段811~840地號,958.0,農,,,1030515,土地2建物0車位0,,,其他,,,,0.0,0,0,0,有,無,1800000,1879,,0.0,0,,RPQNMLNKOHJFFAW76CA
金城鎮,土地,賢厝段781~810地號,1380.0,農,,,1030515,土地2建物0車位0,,,其他,,,,0.0,0,0,0,有,無,3200000,2319,,0.0,0,,RPPNMLNKOHJFFAW66CA
金沙鎮,土地,汶沙段1651~1680地號,87.0,住,,,1030604,土地1建物0車位0,,,其他,,,,0.0,0,0,0,有,無,1650000,18966,,0.0,0,,RPWNMLMKOHJFFAW27CA
金城鎮,土地,小西門劃測段211~240地號,71.25,其他,,,1030522,土地1建物0車位0,,,其他,,,,0.0,0,0,0,有,無,1425000,20000,,0.0,0,,RPQNMLMKOHJFFAW66CA
金沙鎮,土地,北九十劃段151~180地號,489.31,農,,,1030528,土地1建物0車位0,,,其他,,,,0.0,0,0,0,有,無,1250000,2555,,0.0,0,,RPUNMLTJOHJFFAW77DA
金湖鎮,土地,中五劃段601~630地號,967.0,農,,,1030528,土地1建物0車位0,,,其他,,,,0.0,0,0,0,有,無,7000000,7239,,0.0,0,,RPSNMLRJPHJFFAW37CA
金寧鄉,土地,寧湖二劃測段841~870地號,1068.29,農,,,1030516,土地1建物0車位0,,,其他,,,,0.0,0,0,0,有,無,8250000,7723,,0.0,0,,RPPNMLLKOHJFFAW09CA
金寧鄉,土地,寧湖三劃段31~60地號,1000.0,農,,,1030529,土地1建物0車位0,,,其他,,,,0.0,0,0,0,有,無,8000000,8000,,0.0,0,,RPRNMLLJPHJFFAW66CA
金寧鄉,土地,寧安二劃段391~420地號,178.38,其他,,,1030606,土地2建物0車位0,,,其他,,,,0.0,0,0,0,有,無,5890000,33019,,0.0,0,,RPPOMLOJPHJFFAW86CA
金城鎮,房地(土地+建物),金門縣金城鎮莒光路一段1~30號,32.71,商,,,1030603,土地2建物1車位0,一層，二層，騎樓,二層,店面(店鋪),住商用,鋼筋混凝土造,0550715,56.18,1,1,2,有,無,13000000,231399,,0.0,0,,RPWNMLRLOHJFFAW87CA
金沙鎮,土地,沙港劃段421~450地號,1000.05,農,,,1030530,土地1建物0車位0,,,其他,,,,0.0,0,0,0,有,無,4800000,4800,,0.0,0,,RPTNMLNKOHJFFAW07CA
金城鎮,土地,奎星樓段121~150地號,40.11,住,,,1030509,土地2建物0車位0,,,其他,,,,0.0,0,0,0,有,無,1100000,27425,,0.0,0,,RPSOMLMKOHJFFAW96CA
金寧鄉,土地,寧湖一劃段541~570地號,950.0,農,,,1030521,土地1建物0車位0,,,其他,,,,0.0,0,0,0,有,無,10925000,11500,,0.0,0,,RPTOMLMKOHJFFAW07CA
金城鎮,土地,烏土段1~30地號,809.0,其他,,,1030519,土地1建物0車位0,,,其他,,,,0.0,0,0,0,有,無,13000000,16069,,0.0,0,,RPVOMLMKOHJFFAW27CA
金城鎮,土地,延平段271~300地號,347.07,農,,,1030519,土地2建物0車位0,,,其他,,,,0.0,0,0,0,有,無,2082420,6000,,0.0,0,,RPWOMLMKOHJFFAW37CA
金湖鎮,土地,漁村段751~780地號,594.94,其他,,,1030529,土地2建物0車位0,,,其他,,,,0.0,0,0,0,有,無,714000,1200,,0.0,0,,RPQNMLKLOHJFFAW56CA
金湖鎮,土地,太武段1261~1290地號,162.84,其他,,,1030603,土地2建物0車位0,,,其他,,,,0.0,0,0,0,有,無,2200000,13510,,0.0,0,公共設施保留地之交易。,RPRNMLRJPHJFFAW27CA
金寧鄉,土地,中二劃段241~270地號,126.27,農,,,1030522,土地3建物0車位0,,,其他,,,,0.0,0,0,0,有,無,770000,6098,,0.0,0,,RPRNMLPLOHJFFAW27DA
金寧鄉,土地,寧湖二劃測段721~750地號,435.69,農,,,1030605,土地1建物0車位0,,,其他,,,,0.0,0,0,0,有,無,3500000,8033,,0.0,0,,RPSOMLPLOHJFFAW47DA
金湖鎮,土地,士校段1231~1260地號,52.0,其他,,,1030606,土地1建物0車位0,,,其他,,,,0.0,0,0,0,有,無,900000,17308,,0.0,0,,RPQNMLQLOHJFFAW27DA
金湖鎮,房地(土地+建物),金門縣金湖鎮林兜151~180號,550.62,其他,,,1030516,土地3建物1車位0,全,三層,透天厝,見其他登記事項,鋼筋混凝土造,0971002,239.51,5,2,2,有,無,20000000,83504,,0.0,0,,RPRNMLTJPHJFFAW47CA
金湖鎮,土地,太湖劃測段1681~1710地號,1000.02,農,,,1020526,土地1建物0車位0,,,其他,,,,0.0,0,0,0,有,無,7000000,7000,,0.0,0,,RPSNMLRKOHJFFAW37CA
金城鎮,土地,山前段631~660地號,802.67,農,,,1030526,土地1建物0車位0,,,其他,,,,0.0,0,0,0,有,無,6500000,8098,,0.0,0,,RPUNMLNKOHJFFAW17CA
金寧鄉,房地(土地+建物),金門縣金寧鄉下后垵31~60號,48.0,住,,,1030521,土地1建物1車位0,三層,三層,公寓(5樓含以下無電梯),見其他登記事項,鋼筋混凝土造,1030217,90.66,3,1,2,有,無,6000000,66181,,0.0,0,,RPPNMLKMOHJFFAW56CA
金湖鎮,房地(土地+建物),金門縣金湖鎮湖前301~330號,59.8,住,,,1030604,土地2建物1車位0,全,三層,透天厝,見其他登記事項,鋼筋混凝土造,1021011,143.68,4,2,4,有,無,8180000,56932,,0.0,0,,RPSNMLSJPHJFFAW47CA
金寧鄉,土地,赤岑段31~60地號,135.27,其他,,,1030608,土地1建物0車位0,,,其他,,,,0.0,0,0,0,有,無,259000,1915,,0.0,0,,RPPNMLQJPHJFFAW96CA
金城鎮,房地(土地+建物),金門縣金城鎮小西門31~60號,165.67,住,,,1030609,土地3建物1車位0,全,三層,透天厝,住家用,鋼筋混凝土造,1030311,210.24,5,2,5,有,無,7000000,33295,,0.0,0,,RPQNMLKMOHJFFAW66CA
金城鎮,房地(土地+建物),金門縣金城鎮小西門31~60號,128.42,住,,,1030609,土地3建物1車位0,全,三層,透天厝,住家用,鋼筋混凝土造,1030311,184.78,5,2,5,有,無,6600000,35718,,0.0,0,,RPRNMLKMOHJFFAW76CA
金城鎮,土地,后豐港段721~750地號,786.0,其他,,,1030509,土地2建物0車位0,,,其他,,,,0.0,0,0,0,有,無,4100000,5216,,0.0,0,,RPPNMLTKOHJFFAW27CA
金湖鎮,土地,中八劃段31~60地號,960.0,其他,,,1030606,土地1建物0車位0,,,其他,,,,0.0,0,0,0,有,無,3300000,3438,,0.0,0,,RPQNMLTKOHJFFAW37CA
金寧鄉,土地,寧古劃段1231~1260地號,328.0,農,,,1020608,土地1建物0車位0,,,其他,,,,0.0,0,0,0,有,無,1850000,5640,,0.0,0,,RPPNMLTJPHJFFAW27CA
金湖鎮,房地(土地+建物),金門縣金湖鎮湖前1~30號,47.37,住,,,1030605,土地1建物1車位0,二層,三層,公寓(5樓含以下無電梯),見其他登記事項,鋼筋混凝土造,1030417,90.45,3,2,2,有,無,2250000,24876,,0.0,0,本件純建物申報,RPSNMLKMOHJFFAW96DA
金湖鎮,房地(土地+建物),金門縣金湖鎮湖前1~30號,47.37,住,,,1030605,土地1建物1車位0,二層,三層,公寓(5樓含以下無電梯),見其他登記事項,鋼筋混凝土造,1030417,90.45,3,2,2,有,無,2250000,24876,,0.0,0,本件純建物申報,RPUNMLKMOHJFFAW17DA
金湖鎮,房地(土地+建物),金門縣金湖鎮湖前1~30號,54.4,住,,,1030605,土地1建物1車位0,一層,三層,公寓(5樓含以下無電梯),見其他登記事項,鋼筋混凝土造,1030417,106.26,3,2,2,有,無,2850000,26821,,0.0,0,本件純建物申報,RPVNMLKMOHJFFAW27DA
金湖鎮,房地(土地+建物),金門縣金湖鎮湖前1~30號,54.4,住,,,1030605,土地1建物1車位0,一層,三層,公寓(5樓含以下無電梯),見其他登記事項,鋼筋混凝土造,1030417,112.34,3,2,2,有,無,2850000,25369,,0.0,0,本件純建物申報,RPXNMLKMOHJFFAW47DA
金湖鎮,房地(土地+建物),金門縣金湖鎮湖前1~30號,54.4,住,,,1030605,土地1建物1車位0,二層,三層,公寓(5樓含以下無電梯),見其他登記事項,鋼筋混凝土造,1030417,106.26,3,2,2,有,無,2850000,26821,,0.0,0,本件純建物申報,RPTNMLKMOHJFFAW07DA
金寧鄉,土地,中三劃測段541~570地號,192.7,農,,,1030528,土地3建物0車位0,,,其他,,,,0.0,0,0,0,有,無,3468672,18000,,0.0,0,,RPRNMLRLOHJFFAW47DA
金寧鄉,土地,中三劃測段541~570地號,187.62,農,,,1030528,土地3建物0車位0,,,其他,,,,0.0,0,0,0,有,無,3377232,18000,,0.0,0,,RPUNMLRLOHJFFAW77DA
金湖鎮,房地(土地+建物),金門縣金湖鎮湖前1~30號,54.4,其他,,,1030605,土地1建物1車位0,二層,三層,公寓(5樓含以下無電梯),見其他登記事項,鋼筋混凝土造,1030417,112.34,3,2,2,有,無,5700000,50739,,0.0,0,,RPUNMLPLOHJFFAW57DA
金湖鎮,房地(土地+建物),金門縣金湖鎮湖前1~30號,54.4,其他,,,1030605,土地1建物1車位0,三層,三層,公寓(5樓含以下無電梯),見其他登記事項,鋼筋混凝土造,1030417,112.34,3,2,2,有,無,6000000,53409,,0.0,0,,RPVNMLPLOHJFFAW67DA
金湖鎮,房地(土地+建物),金門縣金湖鎮湖前1~30號,54.4,其他,,,1030605,土地1建物1車位0,三層,三層,公寓(5樓含以下無電梯),見其他登記事項,鋼筋混凝土造,1030417,106.26,3,2,2,有,無,6000000,56465,,0.0,0,,RPWNMLPLOHJFFAW77DA
金城鎮,房地(土地+建物),金門縣金城鎮小西門31~60號,133.72,住,,,1030528,土地4建物1車位0,全,三層,透天厝,見其他登記事項,鋼筋混凝土造,1000801,172.59,3,3,3,有,無,11500000,66632,,0.0,0,,RPXNMLSKOHJFFAW97CA
金寧鄉,土地,寧湖二劃測段361~390地號,1000.04,農,,,1030531,土地2建物0車位0,,,其他,,,,0.0,0,0,0,有,無,15000000,14999,,0.0,0,,RPQNMLNLOHJFFAW86CA
金寧鄉,土地,北二三劃測段151~180地號,922.76,住,,,1030513,土地1建物0車位0,,,其他,,,,0.0,0,0,0,有,無,25830000,27992,,0.0,0,,RPRNMLOLOHJFFAW07CA
金湖鎮,土地,中四劃段1~30地號,524.8,農,,,1030609,土地1建物0車位0,,,其他,,,,0.0,0,0,0,有,無,3100000,5907,,0.0,0,,RPRNMLKLOHJFFAW66CA
金湖鎮,土地,中四劃段91~120地號,684.0,農,,,1030609,土地1建物0車位0,,,其他,,,,0.0,0,0,0,有,無,2480000,3626,,0.0,0,,RPTNMLKLOHJFFAW86CA
金寧鄉,土地,中三劃測段541~570地號,328.31,農,,,1030528,土地5建物0車位0,,,其他,,,,0.0,0,0,0,有,無,5909562,18000,,0.0,0,,RPTNMLRLOHJFFAW67DA
金寧鄉,土地,中三劃測段541~570地號,351.49,農,,,1030528,土地5建物0車位0,,,其他,,,,0.0,0,0,0,有,無,6326802,18000,,0.0,0,,RPROMLRLOHJFFAW57DA
金寧鄉,土地,中三劃測段541~570地號,52.85,農,,,1030528,土地1建物0車位0,,,其他,,,,0.0,0,0,0,有,無,951300,18000,,0.0,0,,RPPOMLRLOHJFFAW37DA
金寧鄉,土地,中三劃測段541~570地號,105.7,農,,,1030528,土地1建物0車位0,,,其他,,,,0.0,0,0,0,有,無,1902600,18000,,0.0,0,,RPQOMLRLOHJFFAW47DA
金寧鄉,土地,中三劃測段541~570地號,170.18,農,,,1030528,土地2建物0車位0,,,其他,,,,0.0,0,0,0,有,無,3063222,18000,,0.0,0,,RPVNMLRLOHJFFAW87DA
金寧鄉,土地,中三劃測段541~570地號,192.35,農,,,1030528,土地2建物0車位0,,,其他,,,,0.0,0,0,0,有,無,3462282,18000,,0.0,0,,RPXNMLRLOHJFFAW08DA
金寧鄉,土地,中三劃測段541~570地號,52.85,農,,,1030528,土地1建物0車位0,,,其他,,,,0.0,0,0,0,有,無,951300,18000,,0.0,0,,RPSNMLRLOHJFFAW57DA
金寧鄉,土地,中三劃測段541~570地號,191.84,農,,,1030528,土地2建物0車位0,,,其他,,,,0.0,0,0,0,有,無,3453102,18000,,0.0,0,,RPOOMLRLOHJFFAW27DA
金寧鄉,土地,慈湖段421~450地號,1203.94,其他,,,1030530,土地1建物0車位0,,,其他,,,,0.0,0,0,0,有,無,6260000,5200,,0.0,0,,RPPNMLNLOHJFFAW76CA
金城鎮,土地,金門城段811~840地號,125.0,住,,,1030604,土地1建物0車位0,,,其他,,,,0.0,0,0,0,有,無,1501099,12009,,0.0,0,,RPXNMLPLOHJFFAW77CA
金沙鎮,土地,浯坑劃測段361~390地號,747.0,農,,,1030526,土地1建物0車位0,,,其他,,,,0.0,0,0,0,有,無,3735000,5000,,0.0,0,,RPSNMLOLOHJFFAW17CA
金湖鎮,土地,尚義段1021~1050地號,269.0,住,,,1030614,土地1建物0車位0,,,其他,,,,0.0,0,0,0,有,無,3910000,14535,,0.0,0,,RPVNMLTLOHJFFAW97CA
金沙鎮,土地,高坑劃測段811~840地號,630.0,農,,,1030610,土地1建物0車位0,,,其他,,,,0.0,0,0,0,有,無,2500000,3968,,0.0,0,,RPTNMLSJPHJFFAW57CA
金城鎮,土地,中一段451~480地號,383.68,其他,,,1030613,土地1建物0車位0,,,其他,,,,0.0,0,0,0,有,無,9540587,24866,,0.0,0,縣府價購,RPUNMLSJPHJFFAW67CA
金寧鄉,土地,寧山段961~990地號,231.12,其他,,,1030611,土地2建物0車位0,,,其他,,,,0.0,0,0,0,有,無,349454,1512,,0.0,0,縣府價購,RPVNMLSJPHJFFAW77CA
金湖鎮,土地,湖尚劃段271~300地號,1000.0,農,,,1030616,土地1建物0車位0,,,其他,,,,0.0,0,0,0,有,無,2300000,2300,,0.0,0,,RPTNMLOLOHJFFAW37DA
金寧鄉,土地,寧湖一劃段181~210地號,500.0,農,,,1030617,土地1建物0車位0,,,其他,,,,0.0,0,0,0,有,無,4400000,8800,,0.0,0,,RPPNMLQLOHJFFAW17DA
金城鎮,土地,金門城段721~750地號,131.25,其他,,,1030313,土地1建物0車位0,,,其他,,,,0.0,0,0,0,有,無,577500,4400,,0.0,0,親友、員工或其他特殊關係間之交易。,RPPNMLSKPHJFFAW27CA
金寧鄉,土地,寧山段1051~1080地號,19.22,其他,,,1030611,土地1建物0車位0,,,其他,,,,0.0,0,0,0,有,無,29061,1512,,0.0,0,縣府價購,RPWNMLSJPHJFFAW87CA
金寧鄉,房地(土地+建物),金門縣金寧鄉下埔下91~120號,123.57,住,,,1030603,土地2建物1車位0,全,三層,透天厝,見其他登記事項,鋼筋混凝土造,1000128,187.08,7,1,4,有,無,11500000,61471,,0.0,0,,RPTNMLQLOHJFFAW47CA
金寧鄉,土地,中三劃測段571~600地號,752.7,農,,,1030605,土地1建物0車位0,,,其他,,,,0.0,0,0,0,有,無,2250000,2989,,0.0,0,,RPSOMLRLOHJFFAW57CA
金湖鎮,土地,湖前段481~510地號,1060.5,農,,,1030620,土地1建物0車位0,,,其他,,,,0.0,0,0,0,有,無,3500000,3300,,0.0,0,,RPVNMLOJPHJFFAW37CA
金湖鎮,土地,湖前段241~270地號,349.51,住,,,1030619,土地1建物0車位0,,,其他,,,,0.0,0,0,0,有,無,13500000,38626,,0.0,0,,RPVNMLMLPHJFFAW37CA
金寧鄉,房地(土地+建物),金門縣金寧鄉慈湖路一段211~240號,99.1,住,,,1030612,土地1建物1車位0,全,三層,透天厝,住家用,鋼筋混凝土造,0930104,176.92,5,2,4,有,無,10600000,59914,,0.0,0,,RPUNMLLJPHJFFAW07DA
金湖鎮,土地,多年段241~270地號,230.03,農,,,1030613,土地1建物0車位0,,,其他,,,,0.0,0,0,0,有,無,230000,1000,,0.0,0,,RPSNMLKKPHJFFAW86DA
金湖鎮,土地,湖前段481~510地號,1060.5,農,,,1030620,土地1建物0車位0,,,其他,,,,0.0,0,0,0,有,無,4000000,3772,,0.0,0,,RPSNMLQKPHJFFAW47DA
金湖鎮,土地,新塘段31~60地號,1000.0,其他,,,1030605,土地1建物0車位0,,,其他,,,,0.0,0,0,0,有,無,18000000,18000,,0.0,0,,RPSNMLLJPHJFFAW76CA
金沙鎮,土地,沙溪一劃段301~330地號,933.0,農,,,1030514,土地1建物0車位0,,,其他,,,,0.0,0,0,0,有,無,4600000,4930,,0.0,0,,RPUOMLRLOHJFFAW77CA
金寧鄉,土地,西堡劃測段451~480地號,320.0,其他,,,1030619,土地1建物0車位0,,,其他,,,,0.0,0,0,0,有,無,384000,1200,,0.0,0,,RPPNMLLJPHJFFAW09CA
金寧鄉,土地,寧劃段871~900地號,920.49,農,,,1030528,土地2建物0車位0,,,其他,,,,0.0,0,0,0,有,無,2050668,2228,,0.0,0,,RPQNMLLJPHJFFAW56CA
金寧鄉,土地,中三劃測段601~630地號,1957.03,農,,,1030611,土地2建物0車位0,,,其他,,,,0.0,0,0,0,有,無,17000000,8687,,0.0,0,,RPVOMLKMOHJFFAW27CA
金湖鎮,土地,陳坑段271~300地號,402.34,住,,,1030627,土地1建物0車位0,,,其他,,,,0.0,0,0,0,有,無,6300000,15658,,0.0,0,,RPWNMLLJPHJFFAW27DA
金城鎮,土地,蜈蚣山段961~990地號,465.42,其他,,,1030529,土地1建物0車位0,,,其他,,,,0.0,0,0,0,有,無,700000,1504,,0.0,0,,RPUNMLPLPHJFFAW57CA
金城鎮,土地,金門城段1081~1110地號,239.0,住,,,1030529,土地1建物0車位0,,,其他,,,,0.0,0,0,0,有,無,3100000,12971,,0.0,0,,RPVNMLPLPHJFFAW67CA
金城鎮,土地,蜈蚣山段931~960地號,1456.66,其他,,,1030529,土地3建物0車位0,,,其他,,,,0.0,0,0,0,有,無,2200000,1510,,0.0,0,,RPWNMLPLPHJFFAW77CA
金沙鎮,土地,榮湖段601~630地號,648.22,其他,,,1030627,土地1建物0車位0,,,其他,,,,0.0,0,0,0,有,無,3800000,5862,,0.0,0,,RPPNMLTKPHJFFAW37CA
金沙鎮,土地,山柄段1351~1380地號,411.55,農,,,1030619,土地1建物0車位0,,,其他,,,,0.0,0,0,0,有,無,1000000,2430,,0.0,0,,RPQNMLNJPHJFFAW86DA
金寧鄉,土地,寧湖二劃測段781~810地號,993.19,農,,,1030626,土地2建物0車位0,,,其他,,,,0.0,0,0,0,有,無,4800000,4833,,0.0,0,,RPRNMLNJPHJFFAW96DA
金寧鄉,土地,寧古劃段1411~1440地號,500.0,農,,,1030626,土地1建物0車位0,,,其他,,,,0.0,0,0,0,有,無,1550000,3100,,0.0,0,,RPPNMLNLPHJFFAW96DA
金寧鄉,土地,后沙劃測段1~30地號,910.03,其他,,,1030619,土地1建物0車位0,,,其他,,,,0.0,0,0,0,有,無,16380000,17999,,0.0,0,,RPSNMLNJPHJFFAW96CA
金湖鎮,土地,南雄段661~690地號,482.35,商,,,1030619,土地1建物0車位0,,,其他,,,,0.0,0,0,0,有,無,13000000,26951,,0.0,0,,RPTNMLNJPHJFFAW07CA
金沙鎮,土地,官澳測段661~690地號,468.12,其他,,,1030610,土地1建物0車位0,,,其他,,,,0.0,0,0,0,有,無,8420000,17987,,0.0,0,,RPUNMLNJPHJFFAW17CA
金沙鎮,土地,浯坑劃測段31~60地號,3623.28,農,,,1030610,土地8建物0車位0,,,其他,,,,0.0,0,0,0,有,無,13460000,3715,,0.0,0,,RPWNMLNJPHJFFAW37CA
金城鎮,土地,小西門劃測段241~270地號,1215.06,農,,,1030617,土地2建物0車位0,,,其他,,,,0.0,0,0,0,有,無,5000000,4115,,0.0,0,,RPTNMLRJPHJFFAW47CA
金城鎮,土地,延平段601~630地號,995.02,農,,,1030612,土地1建物0車位0,,,其他,,,,0.0,0,0,0,有,無,14500000,14573,,0.0,0,,RPOOMLOJPHJFFAW76CA
金沙鎮,土地,北八劃段31~60地號,1000.0,農,,,1030616,土地1建物0車位0,,,其他,,,,0.0,0,0,0,有,無,5000000,5000,,0.0,0,,RPQNMLTKPHJFFAW47CA
金城鎮,土地,古井段121~150地號,781.7,住,,,1030626,土地2建物0車位0,,,其他,,,,0.0,0,0,0,有,無,30600000,39145,,0.0,0,,RPPNMLQKPHJFFAW07CA
金湖鎮,土地,新頭段421~450地號,580.03,農,,,1030621,土地1建物0車位0,,,其他,,,,0.0,0,0,0,有,無,2700000,4655,,0.0,0,,RPWNMLMLPHJFFAW47CA
金寧鄉,房地(土地+建物),金門縣金寧鄉下后垵31~60號,48.0,住,,,1030624,土地1建物1車位0,二層,三層,公寓(5樓含以下無電梯),見其他登記事項,鋼筋混凝土造,1030217,90.66,3,1,2,有,無,6000000,66181,,0.0,0,,RPRNMLTKPHJFFAW57CA
金寧鄉,房地(土地+建物),金門縣金寧鄉下后垵31~60號,48.0,住,,,1030623,土地1建物1車位0,一層,三層,公寓(5樓含以下無電梯),見其他登記事項,鋼筋混凝土造,1030217,83.43,3,1,2,有,無,6400000,76711,,0.0,0,,RPUNMLTKPHJFFAW87CA
金寧鄉,土地,西堡劃測段301~330地號,1250.0,農,,,1030605,土地1建物0車位0,,,其他,,,,0.0,0,0,0,有,無,3375000,2700,,0.0,0,,RPRNMLPKPHJFFAW17CA
金寧鄉,土地,寧劃段1231~1260地號,489.94,農,,,1030624,土地1建物0車位0,,,其他,,,,0.0,0,0,0,有,無,1150000,2347,,0.0,0,,RPQNMLSJPHJFFAW27CA
金湖鎮,房地(土地+建物),金門縣金湖鎮峰上1~30號,1000.0,農,,,1030606,土地1建物1車位0,一層，二層,二層,農舍,農舍,見其他登記事項,0890821,226.5,3,3,2,有,無,4000000,,,0.0,0,,RPRNMLSJPHJFFAW37CA
金寧鄉,房地(土地+建物),金門縣金寧鄉下后垵31~60號,96.0,住,,,1030619,土地1建物1車位0,全,三層,透天厝,見其他登記事項,鋼筋混凝土造,1030217,169.05,4,2,5,有,無,11000000,65070,,0.0,0,,RPXNMLTKPHJFFAW18CA
金湖鎮,土地,湖后劃段241~270地號,2000.0,農,,,1030630,土地2建物0車位0,,,其他,,,,0.0,0,0,0,有,無,8300000,4150,,0.0,0,,RPQNMLKKPHJFFAW56CA
金寧鄉,土地,后沙劃測段121~150地號,1199.98,農,,,1030704,土地1建物0車位0,,,其他,,,,0.0,0,0,0,有,無,5600000,4667,,0.0,0,,RPXNMLMLPHJFFAW57CA
金湖鎮,房地(土地+建物),金門縣金湖鎮林兜61~90號,277.05,住,,,1030530,土地3建物1車位0,全,三層,透天厝,見其他登記事項,鋼筋混凝土造,0980924,253.53,5,1,4,有,無,15500000,61137,,0.0,0,,RPPNMLPKRHKFFAW37DA
烈嶼鄉,土地,東坑段391~420地號,191.0,其他,,,1030702,土地1建物0車位0,,,其他,,,,0.0,0,0,0,有,無,1000000,5236,,0.0,0,受債權債務影響或債務抵償之交易。,RPPNMLLKPHJFFAW66DA
金沙鎮,土地,北九劃段1141~1170地號,1500.0,農,,,1030630,土地2建物0車位0,,,其他,,,,0.0,0,0,0,有,無,6000000,4000,,0.0,0,,RPRNMLQKPHJFFAW37DA
金城鎮,房地(土地+建物),金門縣金城鎮中興路146巷1~30號,18.76,商,,,1030703,土地1建物1車位0,一層，二層，三層,三層,店面(店鋪),住商用,鋼筋混凝土造,0710401,51.0,0,0,0,無,無,6500000,127451,,0.0,0,親友、員工或其他特殊關係間之交易。,RPQNMLTJPHJFFAW47DA
金湖鎮,土地,夏興段1291~1320地號,90.0,住,,,1030709,土地1建物0車位0,,,其他,,,,0.0,0,0,0,有,無,300000,3333,,0.0,0,,RPPNMLMLPHJFFAW86DA
金寧鄉,土地,后垵段901~930地號,825.03,其他,,,1030616,土地1建物0車位0,,,其他,,,,0.0,0,0,0,有,無,9000000,10909,,0.0,0,,RPQNMLOKPHJFFAW96CA
金沙鎮,土地,官嶼劃段181~210地號,459.51,農,,,1030702,土地1建物0車位0,,,其他,,,,0.0,0,0,0,有,無,552000,1201,,0.0,0,,RPRNMLOJQHJFFAW07CA
烈嶼鄉,土地,東面山測段811~840地號,737.95,農,,,1030707,土地1建物0車位0,,,其他,,,,0.0,0,0,0,有,無,1000000,1355,,0.0,0,,RPSNMLOJQHJFFAW17CA
金沙鎮,土地,官嶼劃段871~900地號,500.0,農,,,1030530,土地1建物0車位0,,,其他,,,,0.0,0,0,0,有,無,2000000,4000,,0.0,0,,RPTNMLPKPHJFFAW37CA
金寧鄉,土地,寧湖一劃段541~570地號,950.0,農,,,1030704,土地1建物0車位0,,,其他,,,,0.0,0,0,0,有,無,11500000,12105,,0.0,0,,RPUNMLPKPHJFFAW47CA
金寧鄉,土地,東洲段1~30地號,25.44,農,,,1030707,土地1建物0車位0,,,其他,,,,0.0,0,0,0,有,無,150000,5896,,0.0,0,,RPQNMLMLPHJFFAW86CA
金寧鄉,土地,榜林村段121~150地號,233.0,其他,,,1030620,土地1建物0車位0,,,其他,,,,0.0,0,0,0,有,無,2000000,8584,,0.0,0,,RPPNMLRKPHJFFAW17CA
金寧鄉,土地,北四劃段301~330地號,480.0,農,,,1030701,土地1建物0車位0,,,其他,,,,0.0,0,0,0,有,無,2400000,5000,,0.0,0,,RPPNMLOLPHJFFAW96CA
金沙鎮,土地,陽宅段241~270地號,1967.43,農,,,1030714,土地2建物0車位0,,,其他,,,,0.0,0,0,0,有,無,4900000,2491,,0.0,0,,RPSNMLRKPHJFFAW47CA
金城鎮,房地(土地+建物),金門縣金寧鄉湖埔村下埔下61~90號,5510.11,其他,,,1030701,土地8建物1車位0,一層，二層，三層，地下層,三層,其他,商業用,鋼筋混凝土造,0830817,2768.38,65,2,65,有,無,242500000,,,0.0,0,土地增值稅新台幣71768553元,RPTNMLQKPHJFFAW57DA
金城鎮,土地,前山前段31~60地號,154.0,住,,,1030710,土地2建物0車位0,,,其他,,,,0.0,0,0,0,有,無,2000000,12987,,0.0,0,,RPPNMLKMPHJFFAW76DA
金城鎮,土地,祥安段61~90地號,346.43,其他,,,1030529,土地5建物0車位0,,,其他,,,,0.0,0,0,0,有,無,9422896,27200,,0.0,0,,RPPNMLLLPHJFFAW76DA
金沙鎮,土地,榮湖段661~690地號,760.54,其他,,,1030707,土地1建物0車位0,,,其他,,,,0.0,0,0,0,有,無,3800000,4996,,0.0,0,,RPQNMLOLPHJFFAW07CA
金湖鎮,房地(土地+建物),金門縣金湖鎮復興路1~30號,86.43,商,,,1030624,土地2建物1車位0,全,三層,透天厝,住商用,鋼筋混凝土造,0710820,253.08,5,2,2,有,無,23700000,93646,,0.0,0,,RPPNMLSLPHJFFAW37CA
金沙鎮,土地,東珩段541~570地號,3836.73,農,,,1030714,土地7建物0車位0,,,其他,,,,0.0,0,0,0,有,無,4987000,1300,,0.0,0,,RPQNMLRKPHJFFAW27CA
金沙鎮,土地,東珩段541~570地號,3836.73,農,,,1030714,土地7建物0車位0,,,其他,,,,0.0,0,0,0,有,無,4987000,1300,,0.0,0,,RPRNMLRKPHJFFAW37CA
金湖鎮,土地,湖前段721~750地號,158.39,農,,,1030710,土地1建物0車位0,,,其他,,,,0.0,0,0,0,有,無,1500000,9470,,0.0,0,,RPPNMLTJQHJFFAW37CA
金湖鎮,土地,夏興段451~480地號,1070.12,農,,,1030708,土地1建物0車位0,,,其他,,,,0.0,0,0,0,有,無,3000000,2803,,0.0,0,,RPQNMLLLPHJFFAW76CA
金湖鎮,土地,后壟段61~90地號,497.0,其他,,,1030615,土地1建物0車位0,,,其他,,,,0.0,0,0,0,有,無,7100000,14286,,0.0,0,,RPUNMLKMPHJFFAW17CA
金城鎮,土地,北一段61~90地號,500.15,農,,,1030717,土地1建物0車位0,,,其他,,,,0.0,0,0,0,有,無,4750000,9497,,0.0,0,,RPSNMLLMPHJFFAW07CA
金城鎮,土地,賢厝段781~810地號,930.0,農,,,1030708,土地1建物0車位0,,,其他,,,,0.0,0,0,0,有,無,2300000,2473,,0.0,0,,RPUNMLMLPHJFFAW27CA
金城鎮,土地,城南段421~450地號,48.95,住,,,1030630,土地2建物0車位0,,,其他,,,,0.0,0,0,0,有,無,881100,18000,,0.0,0,親友特殊關係間之交易。,RPPNMLPJQHJFFAW96CA
金湖鎮,土地,湖前段871~900地號,513.09,住,,,1030701,土地6建物0車位0,,,其他,,,,0.0,0,0,0,有,無,9000000,17541,,0.0,0,,RPSNMLKMPHJFFAW07DA
金湖鎮,土地,湖后劃段271~300地號,1848.0,農,,,1030522,土地2建物0車位0,,,其他,,,,0.0,0,0,0,有,無,8538574,4620,,0.0,0,,RPPNMLNJQHJFFAW76CA
烈嶼鄉,土地,東林段121~150地號,801.22,住,,,1030716,土地1建物0車位0,,,其他,,,,0.0,0,0,0,有,無,11000000,13729,,0.0,0,,RPRNMLTLPHJFFAW67CA
金寧鄉,房地(土地+建物),金門縣金寧鄉湖南31~60號,48.84,其他,,,1030529,土地1建物1車位0,一層,三層,公寓(5樓含以下無電梯),見其他登記事項,鋼筋混凝土造,1030317,85.05000000000001,3,2,2,有,無,5600000,65844,,0.0,0,,RPPNMLTLPHJFFAW47CA
金寧鄉,土地,中山林段301~330地號,666.68,其他,,,1030702,土地2建物0車位0,,,其他,,,,0.0,0,0,0,有,無,23000000,34499,,0.0,0,,RPRNMLPLPHJFFAW27CA
金寧鄉,建物,金門縣金寧鄉下堡151~180號,0.0,,,,1030721,土地0建物1車位0,全,三層,透天厝,見其他登記事項,鋼筋混凝土造,1010625,193.61,5,3,4,有,無,5000000,25825,,0.0,0,此次只有建物交易。土地及建物分次登記案件。前案土地登記收件字號：102年金登資三字35820,RPUNMLKLQHJFFAW17CA
金城鎮,房地(土地+建物),金門縣金城鎮西海路一段61~90號,353.17,農,,,1030716,土地2建物1車位0,二層，三層，一層,三層,農舍,農舍,鋼筋混凝土造,1021025,304.28,7,1,7,有,無,14550000,,,0.0,0,,RPTNMLKMPHJFFAW17DA
金城鎮,土地,歐厝段421~450地號,799.51,農,,,1030724,土地2建物0車位0,,,其他,,,,0.0,0,0,0,有,無,1200000,1501,,0.0,0,,RPPNMLRJQHJFFAW27DA
金沙鎮,土地,高坑劃測段811~840地號,464.22,農,,,1030716,土地1建物0車位0,,,其他,,,,0.0,0,0,0,有,無,1300000,2800,,0.0,0,,RPWNMLOKQHJFFAW77DA
金沙鎮,土地,沙港劃段301~330地號,1000.02,農,,,1030610,土地1建物0車位0,,,其他,,,,0.0,0,0,0,有,無,4300000,4300,,0.0,0,,RPRNMLLMPHJFFAW96CA
金湖鎮,土地,中四劃段1~30地號,524.8,農,,,1030716,土地1建物0車位0,,,其他,,,,0.0,0,0,0,有,無,4000000,7622,,0.0,0,,RPWNMLLMPHJFFAW47CA
金沙鎮,土地,洋山段961~990地號,170.0,住,,,1030715,土地1建物0車位0,,,其他,,,,0.0,0,0,0,有,無,1000000,5882,,0.0,0,,RPQNMLNJQHJFFAW86CA
金沙鎮,土地,洋山段1021~1050地號,183.0,其他,,,1030715,土地1建物0車位0,,,其他,,,,0.0,0,0,0,有,無,433578,2369,,0.0,0,,RPRNMLNJQHJFFAW96CA
金沙鎮,土地,洋山段1021~1050地號,165.0,住,,,1030715,土地1建物0車位0,,,其他,,,,0.0,0,0,0,有,無,500000,3030,,0.0,0,,RPSNMLNJQHJFFAW07CA
金湖鎮,土地,士校段991~1020地號,117.0,住,,,1030724,土地1建物0車位0,,,其他,,,,0.0,0,0,0,有,無,1628055,13915,,0.0,0,,RPPNMLNKQHJFFAW96DA
金城鎮,土地,古井段121~150地號,352.14,其他,,,1030718,土地2建物0車位0,,,其他,,,,0.0,0,0,0,有,無,8500000,24138,,0.0,0,,RPQNMLKMPHJFFAW86DA
金寧鄉,土地,西堡劃測段451~480地號,320.0,其他,,,1030722,土地1建物0車位0,,,其他,,,,0.0,0,0,0,有,無,544000,1700,,0.0,0,,RPRNMLKMPHJFFAW96DA
金寧鄉,土地,寧湖三劃段271~300地號,587.0,農,,,1030724,土地1建物0車位0,,,其他,,,,0.0,0,0,0,有,無,4600000,7836,,0.0,0,,RPPNMLLMPHJFFAW86DA
金沙鎮,土地,浯坑劃測段1231~1260地號,1250.02,其他,,,1030715,土地1建物0車位0,,,其他,,,,0.0,0,0,0,有,無,3500000,2800,,0.0,0,,RPPNMLLJQHJFFAW66DA
烈嶼鄉,土地,陵水湖測段571~600地號,496.14,其他,,,1030615,土地2建物0車位0,,,其他,,,,0.0,0,0,0,有,無,2728000,5498,,0.0,0,,RPPNMLOJQHJFFAW96DA
烈嶼鄉,土地,碧山段961~990地號,1370.01,其他,,,1030715,土地5建物0車位0,,,其他,,,,0.0,0,0,0,有,無,1849500,1350,,0.0,0,,RPUNMLLMPHJFFAW27CA
金城鎮,土地,賢厝段721~750地號,1303.18,農,,,1030715,土地2建物0車位0,,,其他,,,,0.0,0,0,0,有,無,6000000,4604,,0.0,0,,RPQOMLLMPHJFFAW96CA
烈嶼鄉,土地,東面山測段691~720地號,149.91,農,,,1030724,土地1建物0車位0,,,其他,,,,0.0,0,0,0,有,無,400000,2668,,0.0,0,,RPTNMLOJQHJFFAW27CA
烈嶼鄉,土地,東面山測段301~330地號,258.46,農,,,1030724,土地1建物0車位0,,,其他,,,,0.0,0,0,0,有,無,550000,2128,,0.0,0,,RPUNMLOJQHJFFAW37CA
烈嶼鄉,土地,庵下測段541~570地號,259.83,農,,,1030724,土地1建物0車位0,,,其他,,,,0.0,0,0,0,有,無,800000,3079,,0.0,0,,RPVNMLOJQHJFFAW47CA
金沙鎮,土地,汶沙段361~390地號,33.0,其他,,,1030724,土地1建物0車位0,,,其他,,,,0.0,0,0,0,有,無,825000,25000,,0.0,0,,RPTNMLRJQHJFFAW57CA
金沙鎮,土地,汶沙段361~390地號,15.5,住,,,1030724,土地1建物0車位0,,,其他,,,,0.0,0,0,0,有,無,387500,25000,,0.0,0,,RPUNMLRJQHJFFAW67CA
